TimeSec,TrackId,WorldX,WorldY,ClassName,SensorSupport,Hits,Locked,ClusterAllGhost,TruthId
0,1,22.1129217821866,30.1038964231948,person,4,1,0,0,1
0,2,25.7827220270971,1.34519293020433,person,1,1,0,1,0
0,3,61.8950113247952,50.0304656897038,vehicle,3,1,0,0,2
0,4,16.401557477378,74.3719001025303,person,1,1,0,1,0
0,5,101.726142673478,49.0443097997099,person,1,1,0,1,0
0.5,1,22.1518303656903,30.1379010046148,person,4,2,0,0,1
0.5,3,61.8621794838912,49.9393982229427,vehicle,3,2,0,0,2
0.5,6,54.9466616767332,33.6092567719797,person,1,1,0,1,0
0.5,7,14.9710355560657,39.3074905993869,person,1,1,0,1,0
0.5,8,25.9954953388804,10.3734392335524,person,1,1,0,1,0
1,1,22.1553204715229,30.1782470665171,person,4,3,1,0,1
1,9,17.9909748424874,40.9861956533346,person,1,1,0,1,0
1,3,61.8623089154361,49.9837565233826,vehicle,3,3,1,0,2
1,10,40.8576154660155,57.02831947231,person,1,1,0,1,0
1,11,64.8744903054031,62.6132652166543,person,1,1,0,1,0
1.5,1,22.1370497489804,30.3035803529451,person,4,4,1,0,1
1.5,3,61.91665306942,50.0040653188534,vehicle,3,4,1,0,2
1.5,12,58.3627066704723,-2.39247368213989,person,1,1,0,1,0
1.5,13,17.7044161287785,65.8524412863219,person,1,1,0,1,0
1.5,14,36.6099276849876,-23.8011702834969,person,1,1,0,1,0
2,1,22.3485230449647,30.3591441941528,person,4,5,1,0,1
2,15,-10.9998934651809,10.0668913376559,person,1,1,0,1,0
2,3,61.8568352097761,49.8887186432151,vehicle,3,5,1,0,2
2,16,65.6696442297795,78.3707445974983,person,1,1,0,1,0
2,17,65.5529283388764,40.2634118823422,person,1,1,0,1,0
2.5,1,22.5329553933809,30.4172254604497,person,4,6,1,0,1
2.5,3,61.7930834561134,49.8113495635253,vehicle,3,6,1,0,2
2.5,18,97.1337381895874,-4.99200626530439,person,1,1,0,1,0
2.5,19,-3.79219849222144,47.2235230423925,person,1,1,0,1,0
2.5,20,57.8433245304629,7.369761528209,person,1,1,0,1,0
3,1,22.5279444637489,30.4336315194945,person,4,7,1,0,1
3,21,12.4354415373579,0.301101891549138,person,1,1,0,1,0
3,3,61.5874966883926,49.7458682912747,vehicle,3,7,1,0,2
3,22,31.4411089437446,83.5183351004164,person,1,1,0,1,0
3,23,88.9958991424376,31.0307690855906,person,1,1,0,1,0
3.5,1,22.5841992831235,30.5318646058305,person,4,8,1,0,1
3.5,3,61.4985187368808,49.7731154839009,vehicle,3,8,1,0,2
3.5,24,75.056021680098,29.3503654944908,person,1,1,0,1,0
3.5,25,9.63258479602614,19.0513070293746,person,1,1,0,1,0
3.5,26,28.0936926635935,34.7025225462591,person,1,1,0,1,0
4,1,22.7478455704711,30.7448401767477,person,4,9,1,0,1
4,27,31.1167170995884,21.4054486512347,person,1,1,0,1,0
4,3,61.4359580957538,49.7712030010946,vehicle,3,9,1,0,2
4,28,19.3940445979323,48.1964543716396,person,1,1,0,1,0
4,29,76.6729856685483,54.9580723506883,person,1,1,0,1,0
4.5,1,23.0095712619954,30.8391423342206,person,4,10,1,0,1
4.5,3,61.531792352861,49.6933956522603,vehicle,3,10,1,0,2
4.5,30,61.0001826306552,10.0573351414089,person,1,1,0,1,0
4.5,31,22.2756540851261,49.6049647601064,person,1,1,0,1,0
4.5,32,23.0369181548628,-7.37957407648486,person,1,1,0,1,0
5,1,22.969357604338,30.9225089742467,person,4,11,1,0,1
5,33,1.19185589110236,19.5612027149774,person,1,1,0,1,0
5,3,61.3798190857961,49.5971276933672,vehicle,3,11,1,0,2
5,34,56.6010026772105,60.7584249117778,person,1,1,0,1,0
5,35,47.4477998386605,49.7105697359787,person,1,1,0,1,0
5.5,1,23.0435421145053,30.9628097362576,person,4,12,1,0,1
5.5,3,61.2347277135703,49.4679058954495,vehicle,3,12,1,0,2
5.5,36,75.5304311086161,-12.3251949992122,person,1,1,0,1,0
5.5,37,-7.43486513234369,69.5512716238154,person,1,1,0,1,0
5.5,38,47.7051439565857,-1.37422596150241,person,1,1,0,1,0
6,1,23.1275185751445,31.1705012760136,person,4,13,1,0,1
6,39,-4.73260380486358,-12.6263206272898,person,1,1,0,1,0
6,3,61.0194234429563,49.3940465890013,vehicle,3,13,1,0,2
6,40,42.0470531137478,77.7336649493947,person,1,1,0,1,0
6,41,72.8345734360563,31.0248975968035,person,1,1,0,1,0
6.5,1,23.245041202987,31.1886371303809,person,4,14,1,0,1
6.5,3,61.1386029877931,49.3810346480368,vehicle,3,14,1,0,2
6.5,42,80.5764698843468,15.6690638367816,person,1,1,0,1,0
6.5,43,-4.40518104355465,31.9573207017641,person,1,1,0,1,0
6.5,44,50.2647594788408,26.6941170099534,person,1,1,0,1,0
7,1,23.3464922605838,31.3115232752471,person,4,15,1,0,1
7,45,25.1472059147448,4.84615163432991,person,1,1,0,1,0
7,3,61.0047670038343,49.386515309706,vehicle,3,15,1,0,2
7,46,18.0010044643574,70.2102270743154,person,1,1,0,1,0
7,47,98.6751330832075,53.5110090467093,person,1,1,0,1,0
7.5,1,23.4748444612501,31.3586378635,person,4,16,1,0,1
7.5,3,60.883128790008,49.2811913365952,vehicle,3,16,1,0,2
7.5,48,52.444711783466,29.1784216147842,person,1,1,0,1,0
7.5,49,35.9098631632606,29.3462612067254,person,1,1,0,1,0
7.5,50,27.2407230697692,7.49015104314591,person,1,1,0,1,0
8,1,23.5974569834918,31.4610152232722,person,4,17,1,0,1
8,51,12.3603458419552,39.9070019812479,person,1,1,0,1,0
8,3,60.798624462498,49.2558795602047,vehicle,3,17,1,0,2
8,52,42.6109650545464,59.314361905626,person,1,1,0,1,0
8,53,62.9978647742432,59.4208724208069,person,1,1,0,1,0
8.5,1,23.5864013976731,31.5272231819809,person,4,18,1,0,1
8.5,3,60.7495688724847,49.2344517412844,vehicle,3,18,1,0,2
8.5,54,61.7752218195808,-2.54404336260445,person,1,1,0,1,0
8.5,55,13.4381515624649,65.2836512389575,person,1,1,0,1,0
8.5,56,41.5236761180797,-21.9569733294966,person,1,1,0,1,0
9,1,23.8705246410314,31.616197213436,person,4,19,1,0,1
9,57,-8.7246812503733,6.77721982258821,person,1,1,0,1,0
9,3,60.6426450745084,49.2442890171754,vehicle,3,19,1,0,2
9,58,62.0718206420909,81.7403038096708,person,1,1,0,1,0
9,59,50.5640804220371,22.6057741404819,person,1,1,0,1,0
9.5,1,23.976092473744,31.7026562117621,person,4,20,1,0,1
9.5,3,60.551862194208,49.148344325886,vehicle,3,20,1,0,2
9.5,60,97.4244164229546,0.57124696153422,person,1,1,0,1,0
9.5,61,-1.99918831643448,45.1274088398828,person,1,1,0,1,0
9.5,62,55.2583473658998,9.81485572593199,person,1,1,0,1,0
10,1,24.0118486949862,31.7851941429182,person,4,21,1,0,1
10,63,13.2595103496903,2.69413986718457,person,1,1,0,1,0
10,3,60.6493826437926,49.1605131692698,vehicle,3,21,1,0,2
10,64,30.5800945635432,80.3569001910905,person,1,1,0,1,0
10,65,89.4124123074122,35.1608995514488,person,1,1,0,1,0
10.5,1,24.1328185102726,31.6362777110717,person,4,22,1,0,1
10.5,3,60.531044055722,49.1018263581173,vehicle,3,22,1,0,2
10.5,66,71.4733580168527,27.939599107956,person,1,1,0,1,0
10.5,67,13.6223596219162,21.6678532431787,person,1,1,0,1,0
11,1,24.1486989414912,31.8400502253079,person,4,23,1,0,1
11,68,27.2597567508404,23.6418765901843,person,1,1,0,1,0
11,3,60.3702407441269,49.0670282186203,vehicle,3,23,1,0,2
11,69,24.5725730307835,46.6334748601875,person,1,1,0,1,0
11,70,74.3583143678202,53.6855255075633,person,1,1,0,1,0
11.5,1,24.1597285929258,31.9422109235441,person,4,24,1,0,1
11.5,3,60.3415369940125,49.0492310289232,vehicle,3,24,1,0,2
11.5,71,38.4465654131852,4.67263988681087,person,1,1,0,1,0
11.5,72,19.4967346419171,51.0683681969162,person,1,1,0,1,0
11.5,73,26.8182025551622,-8.68357468365878,person,1,1,0,1,0
12,1,24.1984258989916,32.0664065539912,person,4,25,1,0,1
12,74,1.26135959221591,16.6810301468743,person,1,1,0,1,0
12,3,60.232812235405,49.0215863239977,vehicle,3,25,1,0,2
12,75,56.0586946839109,64.4216198543905,person,1,1,0,1,0
12,76,49.0029169656164,45.3662948398023,person,1,1,0,1,0
12.5,1,24.3647626184261,32.0923891071845,person,4,26,1,0,1
12.5,3,60.1252389142303,48.8695437859189,vehicle,3,26,1,0,2
12.5,77,78.4950839168925,-9.20503968350378,person,1,1,0,1,0
12.5,78,-10.1032450345846,65.0317877189678,person,1,1,0,1,0
12.5,79,46.9523933873738,1.04219427116481,person,1,1,0,1,0
13,1,24.5234637036053,32.0896913365471,person,4,27,1,0,1
13,80,0.183144918403132,-12.9919411165505,person,1,1,0,1,0
13,3,60.0509364248555,48.9348988178109,vehicle,3,27,1,0,2
13,81,42.6358500537325,100.887736959742,person,1,1,0,1,0
13,82,74.7740055851483,33.3250313484975,person,1,1,0,1,0
13.5,1,24.7254865201289,32.1410549047925,person,4,28,1,0,1
13.5,3,60.0581173610629,48.9953206441956,vehicle,3,28,1,0,2
13.5,83,77.8650557657108,16.1758317498341,person,1,1,0,1,0
13.5,84,-0.85815893655446,31.6758482350755,person,1,1,0,1,0
13.5,85,45.8323672583261,26.2128143386022,person,1,1,0,1,0
14,1,24.8024015016303,32.2549880174132,person,4,29,1,0,1
14,86,23.8335980563953,7.84789293619134,person,1,1,0,1,0
14,3,59.9563472015194,48.892451163028,vehicle,3,29,1,0,2
14,87,20.2685976479818,66.7332338279621,person,1,1,0,1,0
14,88,95.0320118041707,57.0634336841771,person,1,1,0,1,0
14.5,1,24.8513394937349,32.2680186257834,person,4,30,1,0,1
14.5,3,59.8326166858132,48.8075878423041,vehicle,3,30,1,0,2
14.5,89,50.98040368306,24.637450459033,person,1,1,0,1,0
14.5,90,36.3073724573196,35.0655818206307,person,1,1,0,1,0
14.5,91,29.0020088828534,5.21021747587892,person,1,1,0,1,0
15,1,24.9046047100155,32.3290204871732,person,4,31,1,0,1
15,92,7.34762871607186,37.8740905963261,person,1,1,0,1,0
15,3,59.6702859491764,48.8003912072969,vehicle,3,31,1,0,2
15,93,43.6145144171091,61.7577135739826,person,1,1,0,1,0
15,94,61.9781411633815,56.1607502193576,person,1,1,0,1,0
15.5,1,25.0929690181404,32.3046426731688,person,4,32,1,0,1
15.5,3,59.6170756310794,48.7502307558791,vehicle,3,32,1,0,2
15.5,95,64.8571783934244,-1.93948851178051,person,1,1,0,1,0
15.5,96,9.67581436998236,63.9259516589618,person,1,1,0,1,0
15.5,97,45.7016733620775,-19.3411363923744,person,1,1,0,1,0
16,1,25.1346484238744,32.3940300575496,person,4,33,1,0,1
16,98,-6.00360279969052,4.26548193570396,person,1,1,0,1,0
16,3,59.6263003834163,48.7218379465548,vehicle,3,33,1,0,2
16,99,58.1347818331615,84.1467200390634,person,1,1,0,1,0
16,100,55.8677432598241,20.901238777293,person,1,1,0,1,0
16.5,1,25.288559561058,32.3534255972003,person,4,34,1,0,1
16.5,3,59.4981686771477,48.60357364834,vehicle,3,34,1,0,2
16.5,101,96.6657260503819,5.76454793369297,person,1,1,0,1,0
16.5,102,0.10331684437985,43.7184403487371,person,1,1,0,1,0
16.5,103,52.4224803433906,11.4561584644489,person,1,1,0,1,0
17,1,25.3071618317472,32.4014437193199,person,4,35,1,0,1
17,104,27.331515252745,-15.7025014160853,person,1,1,0,1,0
17,3,59.5619538392836,48.7526926476151,vehicle,3,35,1,0,2
17,105,30.5135624341569,77.348979678116,person,1,1,0,1,0
17,106,88.9653508389159,38.9852788167285,person,1,1,0,1,0
17.5,1,25.483793791179,32.428258304129,person,4,36,1,0,1
17.5,3,59.451396955959,48.7827588093272,vehicle,3,36,1,0,2
17.5,107,68.5351026071656,25.9327987380895,person,1,1,0,1,0
17.5,108,16.7712580037673,24.8241472787059,person,1,1,0,1,0
17.5,109,21.3589857439418,25.8928836570119,person,1,1,0,1,0
18,1,25.4356117448427,32.4243763325914,person,4,37,1,0,1
18,109,22.6286199297185,25.2643660633381,person,1,2,0,1,0
18,3,59.4249643494913,48.7780765363817,vehicle,3,37,1,0,2
18,110,29.6383472184763,46.1539069943283,person,1,1,0,1,0
18,111,74.9239422925255,76.8661350256033,person,1,1,0,1,0
18.5,1,25.5453096741489,32.5199852729696,person,4,38,1,0,1
18.5,3,59.26191888129,48.7496480038272,vehicle,3,38,1,0,2
18.5,112,41.7262568540584,-0.0297282374610397,person,1,1,0,1,0
18.5,113,16.694663716176,51.7381616827302,person,1,1,0,1,0
18.5,114,30.4982095047593,-9.09666547040661,person,1,1,0,1,0
19,1,25.6430209234252,32.5149301186926,person,4,39,1,0,1
19,115,2.01335765269664,14.1489208254992,person,1,1,0,1,0
19,3,59.1427495014428,48.7135144921631,vehicle,3,39,1,0,2
19,116,54.8067219887679,67.5997950197248,person,1,1,0,1,0
19,117,51.2605962205412,41.7019504441912,person,1,1,0,1,0
19.5,1,25.826547636899,32.5487517843635,person,4,40,1,0,1
19.5,3,59.0027465912334,48.6860993441995,vehicle,3,40,1,0,2
19.5,118,80.572309193153,-5.78690211296607,person,1,1,0,1,0
19.5,119,-11.7145431712023,60.3732490889467,person,1,1,0,1,0
19.5,120,69.184960453977,-5.45170241155938,person,1,1,0,1,0
20,1,25.957902872157,32.5601063627195,person,4,41,1,0,1
20,121,4.75857345470974,-12.3948085004165,person,1,1,0,1,0
20,3,59.054873263341,48.7150247760439,vehicle,3,41,1,0,2
20,122,37.4368727201316,98.8865085904682,person,1,1,0,1,0
20,123,75.9577033302565,35.8165047857759,person,1,1,0,1,0
20.5,1,26.1464944221353,32.5697965976479,person,4,42,1,0,1
20.5,3,59.0772891326506,48.6209311535121,vehicle,3,42,1,0,2
20.5,124,75.3438980700655,15.9533816790754,person,1,1,0,1,0
20.5,125,2.37977688219979,32.1776331316662,person,1,1,0,1,0
20.5,126,41.8908941975941,24.9104123295703,person,1,1,0,1,0
21,1,26.266627558076,32.5000551515133,person,4,43,1,0,1
21,127,21.9977661706157,10.2315316721932,person,1,1,0,1,0
21,3,58.8808720638939,48.5697845937325,vehicle,3,43,1,0,2
21,128,23.0166715467203,64.0362298293764,person,1,1,0,1,0
21,129,91.0169076782928,59.6409433560576,person,1,1,0,1,0
21.5,1,26.2697777677323,32.4609628255072,person,4,44,1,0,1
21.5,3,58.8588989415185,48.5982030306685,vehicle,3,44,1,0,2
21.5,130,50.5095002400604,20.2039413516442,person,1,1,0,1,0
21.5,131,35.6248027920798,40.4316008603997,person,1,1,0,1,0
21.5,132,31.1072269215011,3.61486932951268,person,1,1,0,1,0
22,1,26.2388478813079,32.4428038094296,person,4,45,1,0,1
22,133,3.10259814174344,35.0684233171079,person,1,1,0,1,0
22,3,58.7982395492232,48.5812589956861,vehicle,3,45,1,0,2
22,134,57.7212118085122,43.3549507030322,person,1,1,0,1,0
22,135,61.7739531457416,53.026703291795,person,1,1,0,1,0
22.5,1,26.3824910737209,32.4772660693933,person,4,46,1,0,1
22.5,3,58.4873188186838,48.4306211879099,vehicle,3,46,1,0,2
22.5,136,67.4591271319009,-0.702521435071167,person,1,1,0,1,0
22.5,137,6.55142294834665,61.9381706369201,person,1,1,0,1,0
22.5,138,49.0353914120365,-16.1509267416654,person,1,1,0,1,0
23,1,26.5405768454982,32.3896306319819,person,4,47,1,0,1
23,139,-3.03437445970989,2.57672023671055,person,1,1,0,1,0
23,3,58.5018024545334,48.4303546031218,vehicle,3,47,1,0,2
23,140,54.0774399780313,85.5828650659924,person,1,1,0,1,0
23,141,61.0822844085225,20.3058005543081,person,1,1,0,1,0
23.5,1,26.4957211359434,32.4501799102235,person,4,48,1,0,1
23.5,3,58.6151100326181,48.498288956867,vehicle,3,48,1,0,2
23.5,142,94.9967558399151,10.4027374823251,person,1,1,0,1,0
23.5,143,-21.2816333221806,34.8222816906064,person,1,1,0,1,0
23.5,144,49.531723513499,12.2901472455781,person,1,1,0,1,0
24,1,26.7141750017096,32.3724380788849,person,4,49,1,0,1
24,145,30.1234210625465,-10.8817605756665,person,1,1,0,1,0
24,3,58.4980262645308,48.5928673737949,vehicle,3,49,1,0,2
24,146,31.1555007953357,74.6663512318183,person,1,1,0,1,0
24,147,87.7772062394806,42.3392175442375,person,1,1,0,1,0
24.5,1,26.8699545577513,32.3866945763967,person,4,50,1,0,1
24.5,3,58.2304541520854,48.4739913091222,vehicle,3,50,1,0,2
24.5,148,66.3290296450943,23.5101434727172,person,1,1,0,1,0
24.5,149,19.0226558649786,28.3116490424532,person,1,1,0,1,0
24.5,150,19.5991449915031,21.118471234031,person,1,1,0,1,0
25,1,26.843430126392,32.4049670165483,person,4,51,1,0,1
25,151,19.4801772978337,25.3011842156625,person,1,1,0,1,0
25,3,58.1777467513544,48.5134703805845,vehicle,3,51,1,0,2
25,152,34.3819256609109,46.6668210326911,person,1,1,0,1,0
25,153,69.5389120277749,74.8988803468118,person,1,1,0,1,0
25.5,1,26.9661550828958,32.3381174369717,person,4,52,1,0,1
25.5,3,58.1285801835204,48.4498182899646,vehicle,3,52,1,0,2
25.5,154,45.6251530531251,-3.77921755095057,person,1,1,0,1,0
25.5,155,14.0544305814267,51.65911933627,person,1,1,0,1,0
25.5,156,33.8909340651472,-8.69960997268248,person,1,1,0,1,0
26,1,27.1220155028947,32.2907733354397,person,4,53,1,0,1
26,157,-20.5184628123714,19.6241065855437,person,1,1,0,1,0
26,3,58.0052756732946,48.4759425282585,vehicle,3,53,1,0,2
26,158,52.9989141722086,70.1680188785618,person,1,1,0,1,0
26,159,54.0334137520102,38.8192412606911,person,1,1,0,1,0
26.5,1,27.1403464404419,32.1772260434606,person,4,54,1,0,1
26.5,3,58.1524014999735,48.4748962455602,vehicle,3,54,1,0,2
26.5,160,81.7574369830968,-2.2785453368267,person,1,1,0,1,0
26.5,161,-12.3080583772575,55.7973499038377,person,1,1,0,1,0
26.5,162,68.5806795844597,0.086268781216674,person,1,1,0,1,0
27,1,27.2621807866738,32.1111862310772,person,4,55,1,0,1
27,163,8.81876931392586,-10.9667521105744,person,1,1,0,1,0
27,3,57.9495957001611,48.5537023925426,vehicle,3,55,1,0,2
27,164,33.0033012940571,96.077695588726,person,1,1,0,1,0
27,165,76.3877770047444,38.3106492873646,person,1,1,0,1,0
27.5,1,27.3344145521327,32.114216358667,person,4,56,1,0,1
27.5,3,57.8097625911976,48.5638879946225,vehicle,3,56,1,0,2
27.5,166,86.4108283834089,36.2998994631215,person,1,1,0,1,0
27.5,167,5.15381547254227,33.3424173330977,person,1,1,0,1,0
27.5,168,38.5804968821613,22.9439407850797,person,1,1,0,1,0
28,1,27.4107646781443,32.0765405881226,person,4,57,1,0,1
28,169,19.8144764409732,11.9173033639937,person,1,1,0,1,0
28,3,57.846051100935,48.5208675417708,vehicle,3,57,1,0,2
28,170,26.0465061385498,62.1705677690863,person,1,1,0,1,0
28,171,86.8514939748718,61.2306231154058,person,1,1,0,1,0
28.5,1,27.6378780568457,31.9399566426868,person,4,58,1,0,1
28.5,3,57.7616647883655,48.5038312697848,vehicle,3,58,1,0,2
28.5,172,50.945217308999,16.0757926724609,person,1,1,0,1,0
28.5,173,33.9987668368524,45.2532251231318,person,1,1,0,1,0
28.5,174,9.70748179564341,-5.3132604368708,person,1,1,0,1,0
29,1,27.7019730011453,31.7952365267188,person,4,59,1,0,1
29,175,-0.268743652763391,31.6922314157357,person,1,1,0,1,0
29,3,57.6068610241923,48.4930180135558,vehicle,3,59,1,0,2
29,176,60.6792937602152,48.2659987673985,person,1,1,0,1,0
29,177,62.3039483529656,50.1948611586876,person,1,1,0,1,0
29.5,1,27.7920224141597,31.7553334097859,person,4,60,1,0,1
29.5,3,57.5891709777733,48.5050783715367,vehicle,3,60,1,0,2
29.5,178,69.465138517136,1.0159072136276,person,1,1,0,1,0
29.5,179,4.15911228857521,59.4999166062507,person,1,1,0,1,0
29.5,180,51.4619237539232,-12.5961445737199,person,1,1,0,1,0
30,1,27.945287509077,31.6951601289127,person,4,61,1,0,1
30,181,-0.0151650750764514,1.71166672249668,person,1,1,0,1,0
30,3,57.4951661698972,48.5301990664597,vehicle,3,61,1,0,2
30,182,50.1095434415713,86.0871728841019,person,1,1,0,1,0
30,183,65.9931187343968,20.7323800618819,person,1,1,0,1,0
30.5,1,28.1273664715214,31.6073590269887,person,4,62,1,0,1
30.5,3,57.5385044593645,48.6029379238197,vehicle,3,62,1,0,2
30.5,184,92.587227834593,14.3378726062654,person,1,1,0,1,0
30.5,185,-17.3357814488784,30.8897846092036,person,1,1,0,1,0
30.5,186,46.7741445749408,12.3560155843908,person,1,1,0,1,0
31,1,28.1390189325855,31.6603059393843,person,4,63,1,0,1
31,187,31.8125995361285,-5.91258940199507,person,1,1,0,1,0
31,3,57.4630035094684,48.5333996010862,vehicle,3,63,1,0,2
31,188,32.3858668835426,72.4545828331647,person,1,1,0,1,0
31,189,85.9996992914665,45.0917591876245,person,1,1,0,1,0
31.5,1,28.1704137637436,31.5168871025809,person,4,64,1,0,1
31.5,3,57.3144827350009,48.6222524838834,vehicle,3,64,1,0,2
31.5,183,65.2827230991926,20.8169029070982,person,1,2,0,1,0
31.5,190,20.3659756995609,31.9201435406244,person,1,1,0,1,0
31.5,191,18.8811885289586,16.4015701572464,person,1,1,0,1,0
32,1,28.3759091425741,31.4076014338415,person,4,65,1,0,1
32,192,15.9504259813804,24.8523543803706,person,1,1,0,1,0
32,3,57.0620962530305,48.562923347958,vehicle,3,65,1,0,2
32,193,38.6226146711995,48.0431602989864,person,1,1,0,1,0
32,194,64.9165943169822,72.0892112090735,person,1,1,0,1,0
32.5,1,28.3631143799985,31.3756950451518,person,4,66,1,0,1
32.5,3,57.1583718920726,48.57443564243,vehicle,3,66,1,0,2
32.5,195,49.9169697797452,-6.51277981359685,person,1,1,0,1,0
32.5,196,25.1128162620899,72.0398136010578,person,1,1,0,1,0
32.5,197,36.8362417475512,-7.60914881029096,person,1,1,0,1,0
33,1,28.5174447007532,31.220134692479,person,4,67,1,0,1
33,198,-19.7395991008834,13.9441406312063,person,1,1,0,1,0
33,3,57.0899091425316,48.5264054663962,vehicle,3,67,1,0,2
33,199,50.8091407604882,72.0402146994748,person,1,1,0,1,0
33,200,57.1217182891361,36.7758445216441,person,1,1,0,1,0
33.5,1,28.6861825731799,31.2329842697931,person,4,68,1,0,1
33.5,3,56.8496287398373,48.5623110846295,vehicle,3,68,1,0,2
33.5,201,82.0898902663144,1.12111756196332,person,1,1,0,1,0
33.5,202,-11.9664742432766,51.5069121933965,person,1,1,0,1,0
33.5,203,66.9998467759336,5.09096194866958,person,1,1,0,1,0
34,1,28.7101426341351,31.0630437664511,person,4,69,1,0,1
34,204,12.2245474439215,-8.86932401199742,person,1,1,0,1,0
34,3,56.9098212739061,48.5483503911165,vehicle,3,69,1,0,2
34,205,29.4475589893757,92.6637593685887,person,1,1,0,1,0
34,206,93.2250966636384,22.4058575816826,person,1,1,0,1,0
34.5,1,28.8641732643488,30.9670436924045,person,4,70,1,0,1
34.5,3,56.9296707167788,48.7556055712523,vehicle,3,70,1,0,2
34.5,207,80.8708403585268,36.885401799107,person,1,1,0,1,0
34.5,208,7.34212840814696,35.0216632163154,person,1,1,0,1,0
34.5,209,36.0016671798582,20.4923637531326,person,1,1,0,1,0
35,1,28.8845451376998,30.9018039263917,person,4,71,1,0,1
35,210,17.468542686779,12.8672059806995,person,1,1,0,1,0
35,3,56.7863247643068,48.645015357795,vehicle,3,71,1,0,2
35,211,29.15779340991,61.1429939450281,person,1,1,0,1,0
35,212,82.7492871337751,61.8657293383849,person,1,1,0,1,0
35.5,1,28.9854573681532,30.6862325099565,person,4,72,1,0,1
35.5,3,56.8034167025683,48.6018788913986,vehicle,3,72,1,0,2
35.5,213,52.1638690293424,12.4233101323496,person,1,1,0,1,0
35.5,214,31.5976391803376,49.3762341247468,person,1,1,0,1,0
35.5,204,13.1823650371216,-9.23344445197895,person,1,2,0,1,0
36,1,29.0320159368793,30.7255114859994,person,4,73,1,0,1
36,215,-2.70670341934888,27.9593899732899,person,1,1,0,1,0
36,3,56.5674623796948,48.6628162058472,vehicle,3,73,1,0,2
36,216,62.514887757792,53.3542849581634,person,1,1,0,1,0
36,217,63.4518657974803,47.8159193269186,person,1,1,0,1,0
36.5,1,29.2068038855149,30.6037480752665,person,4,74,1,0,1
36.5,3,56.6207897071257,48.7363776944664,vehicle,3,74,1,0,2
36.5,218,73.6453585970339,-21.7916869747271,person,1,1,0,1,0
36.5,219,2.55029778681309,56.8025736933766,person,1,1,0,1,0
36.5,220,52.9647540859991,-8.88938988903287,person,1,1,0,1,0
37,1,29.2571008648743,30.4503843649261,person,4,75,1,0,1
37,221,2.86463742208168,1.62822594179448,person,1,1,0,1,0
37,3,56.4964762505515,48.7258992812797,vehicle,3,75,1,0,2
37,222,46.4227309166318,85.740029465428,person,1,1,0,1,0
37,223,70.413799782535,22.05476152074,person,1,1,0,1,0
37.5,1,29.384463520044,30.422425784139,person,5,76,1,0,1
37.5,3,56.451709098263,48.7124359688574,vehicle,3,76,1,0,2
37.5,224,89.6287990007376,17.4639299158449,person,1,1,0,1,0
37.5,225,-12.9642730889606,27.9853223994258,person,1,1,0,1,0
37.5,226,44.3211820158459,11.7325616213987,person,1,1,0,1,0
38,1,29.4726677273072,30.3776770492087,person,5,77,1,0,1
38,227,32.4385764086108,-1.02317054004584,person,1,1,0,1,0
38,3,56.4350191709821,48.8120332645391,vehicle,3,77,1,0,2
38,228,9.29566850657674,74.2713027921205,person,1,1,0,1,0
38,229,83.8057295469373,47.1505231606687,person,1,1,0,1,0
38.5,1,29.6164375729915,30.2322056609822,person,5,78,1,0,1
38.5,3,56.4050699289505,48.9201732353548,vehicle,3,78,1,0,2
38.5,230,64.2502577817928,18.1817152495162,person,1,1,0,1,0
38.5,231,20.8352868067687,35.447230109126,person,1,1,0,1,0
38.5,232,19.1265924163683,11.9498817146472,person,1,1,0,1,0
39,1,29.7836948965316,30.1256592037614,person,6,79,1,0,1
39,233,12.8832032697982,23.6998955800774,person,1,1,0,1,0
39,3,56.2295685566863,48.9582143415345,vehicle,3,79,1,0,2
39,234,42.2150462414291,50.123039212487,person,1,1,0,1,0
39,235,61.1758403855473,68.6397455282592,person,1,1,0,1,0
39.5,1,29.8517253504622,29.9376668362247,person,6,80,1,0,1
39.5,3,56.0913493179777,48.9206502856986,vehicle,3,80,1,0,2
39.5,236,54.3738334403084,-8.21600720928645,person,1,1,0,1,0
39.5,237,19.4226501370148,72.7402787269226,person,1,1,0,1,0
39.5,238,39.206431457484,-5.9713376107168,person,1,1,0,1,0
40,1,29.9526250219247,29.9180309057348,person,6,81,1,0,1
40,239,-17.9755699078041,8.83060343186605,person,1,1,0,1,0
40,3,56.0407887385865,49.0282743432893,vehicle,3,81,1,0,2
40,240,48.4224889820648,73.1720150294406,person,1,1,0,1,0
40,241,60.3231313230791,35.584547918345,person,1,1,0,1,0
40.5,1,30.0259081003882,29.7063597690923,person,6,82,1,0,1
40.5,3,56.0260515766865,49.0830332158325,vehicle,3,82,1,0,2
40.5,242,81.6497422344584,4.2308141067672,person,1,1,0,1,0
40.5,243,-10.8103495627643,47.6778254847192,person,1,1,0,1,0
40.5,244,64.609416084851,9.40189049871476,person,1,1,0,1,0
41,1,30.154337542466,29.7167354631318,person,6,83,1,0,1
41,245,14.8771496219563,-6.28537416103946,person,1,1,0,1,0
41,3,55.8975272400621,49.0558831536434,vehicle,3,83,1,0,2
41,246,26.8356008208732,88.8599733364765,person,1,1,0,1,0
41,247,95.2086877423962,27.6115896851969,person,1,1,0,1,0
41.5,1,30.1328648271163,29.5580821755396,person,6,84,1,0,1
41.5,3,55.9783292149931,49.1037398428902,vehicle,3,84,1,0,2
41.5,248,75.6445948225299,36.4033813987805,person,1,1,0,1,0
41.5,249,8.86068835418762,37.0464337837065,person,1,1,0,1,0
41.5,250,34.2121819345286,17.7475943628986,person,1,1,0,1,0
42,1,30.2980781549263,29.4786502007664,person,6,85,1,0,1
42,251,36.5860414570873,25.9430988092665,person,1,1,0,1,0
42,3,55.7078462599252,49.0911149597338,vehicle,3,85,1,0,2
42,252,32.1579446163888,60.9169296292292,person,1,1,0,1,0
42,253,78.9065720090951,61.6222520460732,person,1,1,0,1,0
42.5,1,30.4363498700891,29.3364072200294,person,6,86,1,0,1
42.5,3,55.7493267012893,49.1280484775022,vehicle,3,86,1,0,2
42.5,254,54.0119126478286,9.3826971413188,person,1,1,0,1,0
42.5,255,28.6129001936238,52.688195211342,person,1,1,0,1,0
42.5,256,18.1473057416332,-12.5059919356299,person,1,1,0,1,0
43,1,30.5572713251003,29.2772420874226,person,6,87,1,0,1
43,257,-4.19843833302693,24.0856078641723,person,1,1,0,1,0
43,3,55.5642118276925,49.2308737004103,vehicle,3,87,1,0,2
43,258,63.2626130722725,58.387470859036,person,1,1,0,1,0
43,259,40.3339377618301,49.6109112253816,person,1,1,0,1,0
43.5,1,30.6923593087106,29.1818716054777,person,6,88,1,0,1
43.5,3,55.3795929547727,49.2189508624031,vehicle,3,88,1,0,2
43.5,260,78.5151489086526,-18.7661648306387,person,1,1,0,1,0
43.5,261,1.73274632308154,54.039996202939,person,1,1,0,1,0
43.5,262,53.5725553571955,-5.23649066212949,person,1,1,0,1,0
44,1,30.7486780689864,29.0769157544628,person,6,89,1,0,1
44,263,5.43308611466121,2.2447890058426,person,1,1,0,1,0
44,3,55.3548949998376,49.2597297013688,vehicle,3,89,1,0,2
44,264,43.1825938472919,84.6584820634055,person,1,1,0,1,0
44,265,74.1927923826652,24.1147980242822,person,1,1,0,1,0
44.5,1,30.9319091893906,29.0167702793646,person,6,90,1,0,1
44.5,3,55.3893610408141,49.3214494485455,vehicle,3,90,1,0,2
44.5,266,86.3257133269487,19.7196236741085,person,1,1,0,1,0
44.5,267,-8.39780816775851,26.1290729614735,person,1,1,0,1,0
44.5,268,51.985777760104,33.5891785731139,person,1,1,0,1,0
45,1,30.9247551862776,29.0207874308738,person,6,91,1,0,1
45,269,32.0850965234936,3.57749958754608,person,1,1,0,1,0
45,3,55.3735907991237,49.4977222768622,vehicle,3,91,1,0,2
45,270,11.0181747728414,68.9734492207237,person,1,1,0,1,0
45,271,81.3805840202674,48.4647717729606,person,1,1,0,1,0
45.5,1,30.9636180577873,28.9564617401249,person,6,92,1,0,1
45.5,3,55.15477856719,49.3714041960212,vehicle,3,92,1,0,2
45.5,272,64.3386002435472,15.6523050870982,person,1,1,0,1,0
45.5,273,20.5060415033754,38.7072322531454,person,1,1,0,1,0
45.5,274,20.2179909689382,7.94484612416178,person,1,1,0,1,0
46,1,31.1001720615227,28.8164457774789,person,6,93,1,0,1
46,275,10.4054984739862,21.9931468342381,person,1,1,0,1,0
46,3,55.1070223009601,49.4605772316208,vehicle,3,93,1,0,2
46,276,45.054086076489,52.724114670112,person,1,1,0,1,0
46,277,58.388887054947,64.7670838617387,person,1,1,0,1,0
46.5,1,31.3271385739115,28.7939613863772,person,6,94,1,0,1
46.5,3,54.9972312341532,49.4001501382567,vehicle,3,94,1,0,2
46.5,278,58.7761050112833,-8.92152692787401,person,1,1,0,1,0
46.5,279,14.0279695297152,72.3434376651661,person,1,1,0,1,0
46.5,280,40.9112523944868,-3.95374888376606,person,1,1,0,1,0
47,1,31.3516857151882,28.5668604299038,person,6,95,1,0,1
47,281,-15.3991337305159,4.44266199162122,person,1,1,0,1,0
47,3,55.1000314585182,49.4887060353794,vehicle,3,95,1,0,2
47,282,67.5479417935302,86.2822265965154,person,1,1,0,1,0
47,283,63.4419260194446,35.2143283448023,person,1,1,0,1,0
47.5,1,31.4510038207999,28.5027083314744,person,6,96,1,0,1
47.5,3,55.0127164697609,49.6445263770504,vehicle,3,96,1,0,2
47.5,284,80.5525998130374,6.894740399599,person,1,1,0,1,0
47.5,285,-8.99117645710598,44.4523481000785,person,1,1,0,1,0
47.5,286,61.6006173836346,12.9002106709771,person,1,1,0,1,0
48,1,31.5468414421352,28.3817477251168,person,6,97,1,0,1
48,287,16.7211042419376,-3.40994995400834,person,1,1,0,1,0
48,3,54.919969821203,49.6306441689099,vehicle,3,97,1,0,2
48,288,25.1861623123507,84.8845629080595,person,1,1,0,1,0
48,289,96.080014982743,32.7871838452029,person,1,1,0,1,0
48.5,1,31.6695469260995,28.2838141853741,person,6,98,1,0,1
48.5,3,54.7096029882081,49.6754388638557,vehicle,3,98,1,0,2
48.5,290,70.9243712686957,34.9829049103104,person,1,1,0,1,0
48.5,291,16.6094431873749,15.219511622484,person,1,1,0,1,0
48.5,292,33.2259601164861,14.9051695420403,person,1,1,0,1,0
49,1,31.6754327276918,28.315432154646,person,6,99,1,0,1
49,3,54.7385459717425,49.6636695936935,vehicle,3,99,1,0,2
49,293,34.8708596261012,61.4156002525021,person,1,1,0,1,0
49,294,75.4943063144737,60.6137703127921,person,1,1,0,1,0
49.5,1,31.7687217986813,28.1596424436924,person,6,100,1,0,1
49.5,3,54.6654004034619,49.7141393931214,vehicle,3,100,1,0,2
49.5,295,56.3140810199512,7.05116604883557,person,1,1,0,1,0
49.5,296,25.2497911537558,55.1214971793608,person,1,1,0,1,0
49.5,297,22.8215982356495,-14.5167239264831,person,1,1,0,1,0
50,1,31.9432016894718,28.1559067810667,person,6,101,1,0,1
50,298,-4.77652376260618,20.2788299671283,person,1,1,0,1,0
50,3,54.6656901264235,49.7657285939162,vehicle,3,101,1,0,2
50,299,63.0021565595879,63.1515845914398,person,1,1,0,1,0
50,300,42.0126446541621,44.1290698291771,person,1,1,0,1,0
50.5,1,32.1321029417795,27.9900096877385,person,6,102,1,0,1
50.5,3,54.5338159022079,49.7165295622409,vehicle,3,102,1,0,2
50.5,301,82.4662634274438,-15.0717425831867,person,1,1,0,1,0
50.5,302,1.67156398106576,51.3992888319137,person,1,1,0,1,0
50.5,303,53.3561062875244,-1.82747572945895,person,1,1,0,1,0
51,1,32.1067122748403,28.0356851399973,person,6,103,1,0,1
51,304,-1.23011514039641,-19.9647211556096,person,1,1,0,1,0
51,3,54.2979528533555,49.7538350645312,vehicle,3,103,1,0,2
51,305,40.5220512289661,82.9895135595732,person,1,1,0,1,0
51,306,77.2185888287095,26.7307271453714,person,1,1,0,1,0
51.5,1,32.2654353487594,27.9524704344231,person,6,104,1,0,1
51.5,3,54.414316267957,49.9582519250671,vehicle,3,104,1,0,2
51.5,307,82.8851932701709,21.089264826414,person,1,1,0,1,0
51.5,308,-3.85985399163837,25.2935578224526,person,1,1,0,1,0
51.5,309,46.4235419741111,33.279641237237,person,1,1,0,1,0
52,1,32.3711598932401,27.9926606465938,person,6,105,1,0,1
52,310,30.8745210982988,7.70775897500321,person,1,1,0,1,0
52,3,54.2761270822535,49.9382430649566,vehicle,3,105,1,0,2
52,311,13.5877466529106,64.3970656679589,person,1,1,0,1,0
52,312,78.9127774668743,49.0266000165742,person,1,1,0,1,0
52.5,1,32.3622255670392,27.9447007599763,person,6,106,1,0,1
52.5,3,54.1539683883695,49.9946808879625,vehicle,3,106,1,0,2
52.5,313,44.6080590911467,27.783400599472,person,1,1,0,1,0
52.5,314,19.4901127988871,41.5391752617547,person,1,1,0,1,0
52.5,315,22.0060135643072,4.5347558145415,person,1,1,0,1,0
53,1,32.5118116022785,27.8019998016575,person,6,107,1,0,1
53,316,8.60623825950092,19.9023950744616,person,1,1,0,1,0
53,3,53.9052467489789,49.9237066798955,vehicle,3,107,1,0,2
53,317,47.0779080676584,55.6506718838206,person,1,1,0,1,0
53,318,56.5803949492379,60.6919017355613,person,1,1,0,1,0
53.5,1,32.6633469743067,27.7488012611458,person,6,108,1,0,1
53.5,3,53.9960494820881,49.9999472557985,vehicle,3,108,1,0,2
53.5,319,62.9215594693264,-8.70549864755595,person,1,1,0,1,0
53.5,320,9.12684820277664,70.9755695438598,person,1,1,0,1,0
53.5,321,48.6911481377228,-25.7971418162166,person,1,1,0,1,0
54,1,32.814018913994,27.684366354069,person,6,109,1,0,1
54,322,-12.2066114884067,0.896901285663104,person,1,1,0,1,0
54,3,53.820069786318,50.0527122893435,vehicle,3,109,1,0,2
54,323,62.8007951016566,89.4967623653845,person,1,1,0,1,0
54,324,66.2979037955244,35.593295004365,person,1,1,0,1,0
54.5,1,32.9392346561559,27.6799007111735,person,6,110,1,0,1
54.5,3,53.8408901850019,50.1800792406722,vehicle,3,110,1,0,2
54.5,325,78.9430487373991,8.98911955182366,person,1,1,0,1,0
54.5,326,-6.68331466234157,41.9340139389317,person,1,1,0,1,0
54.5,327,58.179616876772,15.5119708054097,person,1,1,0,1,0
55,1,33.018732947406,27.5833492965381,person,6,111,1,0,1
55,328,17.7451638079455,-0.44090214435951,person,1,1,0,1,0
55,3,53.7807527369316,50.150380321857,vehicle,3,111,1,0,2
55,329,24.471994667262,80.9490205217845,person,1,1,0,1,0
55,330,95.9146473693856,37.7137361289933,person,1,1,0,1,0
55.5,1,33.1014001919657,27.6573723553564,person,6,112,1,0,1
55.5,3,53.6972192828603,50.2952905260211,vehicle,3,112,1,0,2
55.5,331,66.8669111280129,32.7856040982071,person,1,1,0,1,0
55.5,332,20.745799461683,18.9511114232764,person,1,1,0,1,0
55.5,333,33.0138439168029,12.1549719203647,person,1,1,0,1,0
56,1,33.1235317068315,27.6060803291974,person,6,113,1,0,1
56,334,27.0477292616736,30.9374049734125,person,1,1,0,1,0
56,3,53.7003838111585,50.2579968424346,vehicle,3,113,1,0,2
56,335,37.1448050881939,62.5268572865496,person,1,1,0,1,0
56,336,72.6513136616129,58.9848414547394,person,1,1,0,1,0
56.5,1,33.2685385248589,27.6291772101169,person,6,114,1,0,1
56.5,3,53.6391761161287,50.4087137932099,vehicle,3,114,1,0,2
56.5,337,58.8822525254996,5.48384111293248,person,1,1,0,1,0
56.5,338,21.7176695020223,56.6544216258589,person,1,1,0,1,0
56.5,339,27.4937516984632,-15.4839877323803,person,1,1,0,1,0
57,1,33.3619523439157,27.6110197600647,person,6,115,1,0,1
57,340,-4.51564512138136,16.7302337782664,person,1,1,0,1,0
57,3,53.7158766666694,50.4802643556903,vehicle,3,115,1,0,2
57,341,61.8528038892384,67.4593382400472,person,1,1,0,1,0
57,342,44.5730549747769,39.3641605254064,person,1,1,0,1,0
57.5,1,33.4473996313928,27.489310792332,person,6,116,1,0,1
57.5,3,53.4465412065842,50.4420389465699,vehicle,3,116,1,0,2
57.5,343,85.4237341834721,-10.9310397218484,person,1,1,0,1,0
57.5,344,-18.0935589442034,63.5236654478908,person,1,1,0,1,0
57.5,345,52.4234848914458,1.17155081632024,person,1,1,0,1,0
58,1,33.5024662968625,27.4721486312455,person,6,117,1,0,1
58,346,4.48318017429342,-19.4883824414072,person,1,1,0,1,0
58,3,53.4585351166669,50.4645122260337,vehicle,3,117,1,0,2
58,347,38.5362855012346,80.902180509701,person,1,1,0,1,0
58,348,79.422997962206,29.7062397935274,person,1,1,0,1,0
58.5,1,33.6254267789437,27.4917238239041,person,6,118,1,0,1
58.5,3,53.3170599657706,50.5531382623728,vehicle,3,118,1,0,2
58.5,349,79.5079637392621,21.6016647741985,person,1,1,0,1,0
58.5,350,0.442665314644034,25.4069733717959,person,1,1,0,1,0
58.5,351,41.3420085747235,31.9666277644308,person,1,1,0,1,0
59,1,33.8102325473457,27.4605984432081,person,6,119,1,0,1
59,352,28.9607882035484,11.2200453680824,person,1,1,0,1,0
59,3,53.1923664371737,50.5169165023929,vehicle,3,119,1,0,2
59,353,16.8081741620719,60.6651612599248,person,1,1,0,1,0
59,354,95.6886891998435,64.9961497292159,person,1,1,0,1,0
59.5,1,33.8982533035491,27.4430062838747,person,6,120,1,0,1
59.5,3,53.0822347123643,50.6388875695803,vehicle,3,120,1,0,2
59.5,355,43.7293827475321,22.2822908764748,person,1,1,0,1,0
59.5,356,17.9293637516416,43.8135197061959,person,1,1,0,1,0
59.5,357,24.3172812939774,1.82945840781587,person,1,1,0,1,0
60,1,34.0290339425118,27.5636834255053,person,6,121,1,0,1
60,358,7.53317890638831,17.6101769816551,person,1,1,0,1,0
60,3,53.0668995304155,50.6177343208376,vehicle,3,121,1,0,2
60,359,48.2691453703246,58.7030431157573,person,1,1,0,1,0
60,360,55.7284855596551,56.6291795848911,person,1,1,0,1,0
