TimeSec,TargetId,ClassName,WorldX,WorldY
0,1,person,22,30
0,2,vehicle,62,50
0.5,1,person,22.1,30.0999733354666
0.5,2,vehicle,61.925,49.9550067496963
1,1,person,22.2,30.1997867349229
1,2,vehicle,61.85,49.9100539902808
1.5,1,person,22.3,30.2992805182223
1.5,2,vehicle,61.775,49.865182176203
2,1,person,22.4,30.3982955165356
2,2,vehicle,61.7,49.8204316890666
2.5,1,person,22.5,30.4966733269877
2.5,2,vehicle,61.625,49.7758428012896
3,1,person,22.6,30.5942565660678
3,2,vehicle,61.55,49.7314556398613
3.5,1,person,22.7,30.6908891214103
3.5,2,vehicle,61.475,49.6873101502309
4,1,person,22.8,30.7864164015403
4,2,vehicle,61.4,49.6434460603593
4.5,1,person,22.9,30.8806855831877
4.5,2,vehicle,61.325,49.5999028449668
5,1,person,23,30.9735458557716
5,2,vehicle,61.25,49.556719690008
5.5,1,person,23.1,31.064848662665
5.5,2,vehicle,61.175,49.5139354574077
6,1,person,23.2,31.1544479388537
6,2,vehicle,61.1,49.4715886500874
6.5,1,person,23.3,31.2422003446093
6.5,2,vehicle,61.025,49.4297173773153
7,1,person,23.4,31.3279654948022
7,2,vehicle,60.95,49.3883593204106
7.5,1,person,23.5,31.4116061834876
7.5,2,vehicle,60.875,49.3475516988332
8,1,person,23.6,31.492988603406
8,2,vehicle,60.8,49.3073312366878
8.5,1,person,23.7,31.5719825600462
8.5,2,vehicle,60.725,49.2677341296756
9,1,person,23.8,31.6484616799287
9,2,vehicle,60.65,49.2287960125203
9.5,1,person,23.9,31.7223036127764
9.5,2,vehicle,60.575,49.190551926899
10,1,person,24,31.7933902272488
10,2,vehicle,60.5,49.1530362899074
10.5,1,person,24.1,31.8616077999271
10.5,2,vehicle,60.425,49.1162828630866
11,1,person,24.2,31.9268471972474
11,2,vehicle,60.35,49.0803247220398
11.5,1,person,24.3,31.9890040500909
11.5,2,vehicle,60.275,49.045194226667
12,1,person,24.4,32.0479789207525
12,2,vehicle,60.2,49.0109229920428
12.5,1,person,24.5,32.1036774620197
12.5,2,vehicle,60.125,48.977541859965
13,1,person,24.6,32.1560105681083
13,2,vehicle,60.05,48.9450808711994
13.5,1,person,24.7,32.2048945172124
13.5,2,vehicle,59.975,48.9135692384448
14,1,person,24.8,32.2502511054413
14,2,vehicle,59.9,48.8830353200437
14.5,1,person,24.9,32.2920077719294
14.5,2,vehicle,59.825,48.8535065944617
15,1,person,25,32.3300977149181
15,2,vehicle,59.75,48.8250096355588
15.5,1,person,25.1,32.3644599986239
15.5,2,vehicle,59.675,48.7975700886743
16,1,person,25.2,32.3950396507231
16,2,vehicle,59.6,48.7712126475485
16.5,1,person,25.3,32.4217877502957
16.5,2,vehicle,59.525,48.7459610320992
17,1,person,25.4,32.4446615060883
17,2,vehicle,59.45,48.721837967076
17.5,1,person,25.5,32.4636243249711
17.5,2,vehicle,59.375,48.698865161609
18,1,person,25.6,32.4786458704792
18,2,vehicle,59.3,48.6770632896726
18.5,1,person,25.7,32.4897021113441
18.5,2,vehicle,59.225,48.6564519714799
19,1,person,25.8,32.496775359939
19,2,vehicle,59.15,48.6370497558262
19.5,1,person,25.9,32.4998543005749
19.5,2,vehicle,59.075,48.6188741033958
20,1,person,26,32.4989340076038
20,2,vehicle,59,48.6019413710492
20.5,1,person,26.1,32.4940159532979
20.5,2,vehicle,58.925,48.5862667971025
21,1,person,26.2,32.4851080054952
21,2,vehicle,58.85,48.5718644876142
21.5,1,person,26.3,32.4722244150118
21.5,2,vehicle,58.775,48.5587474036909
22,1,person,26.4,32.455385792844
22,2,vehicle,58.7,48.5469273498226
22.5,1,person,26.5,32.4346190771955
22.5,2,vehicle,58.625,48.53641496326
23,1,person,26.6,32.4099574903811
23,2,vehicle,58.55,48.5272197044415
23.5,1,person,26.7,32.381440485679
23.5,2,vehicle,58.475,48.5193498484792
24,1,person,26.8,32.3491136842133
24,2,vehicle,58.4,48.5128124777125
24.5,1,person,26.9,32.3130288019704
24.5,2,vehicle,58.325,48.5076134753336
25,1,person,27,32.2732435670642
25,2,vehicle,58.25,48.5037575200939
25.5,1,person,27.1,32.2298216273835
25.5,2,vehicle,58.175,48.5012480820928
26,1,person,27.2,32.1828324487688
26,2,vehicle,58.1,48.5000874196551
26.5,1,person,27.3,32.1323512038822
26.5,2,vehicle,58.025,48.5002765772986
27,1,person,27.4,32.0784586519467
27,2,vehicle,57.95,48.5018153847942
27.5,1,person,27.5,32.021241009549
27.5,2,vehicle,57.875,48.5047024573191
28,1,person,27.6,31.960789812711
28,2,vehicle,57.8,48.5089351967029
28.5,1,person,27.7,31.8972017704523
28.5,2,vehicle,57.725,48.5145097937658
29,1,person,27.8,31.8305786100756
29,2,vehicle,57.65,48.5214212317467
29.5,1,person,27.9,31.7610269144254
29.5,2,vehicle,57.575,48.5296632908179
30,1,person,28,31.6886579513779
30,2,vehicle,57.5,48.5392285536827
30.5,1,person,28.1,31.6135874958359
30.5,2,vehicle,57.425,48.5501084122501
31,1,person,28.2,31.5359356445143
31,2,vehicle,57.35,48.5622930753816
31.5,1,person,28.3,31.4558266238102
31.5,2,vehicle,57.275,48.5757715777031
32,1,person,28.4,31.3733885910678
32,2,vehicle,57.2,48.590531789472
32.5,1,person,28.5,31.2887534295537
32.5,2,vehicle,57.125,48.6065604274942
33,1,person,28.6,31.2020565374716
33,2,vehicle,57.05,48.6238430670773
33.5,1,person,28.7,31.1134366113547
33.5,2,vehicle,56.975,48.6423641550122
34,1,person,28.8,31.02303542418
34,2,vehicle,56.9,48.6621070235699
34.5,1,person,28.9,30.9309975985626
34.5,2,vehicle,56.825,48.6830539055014
35,1,person,29,30.8374703753898
35,2,vehicle,56.75,48.7051859500267
35.5,1,person,29.1,30.7426033782671
35.5,2,vehicle,56.675,48.7284832397996
36,1,person,29.2,30.6465483741528
36,2,vehicle,56.6,48.752924808832
36.5,1,person,29.3,30.5494590305628
36.5,2,vehicle,56.525,48.7784886613613
37,1,person,29.4,30.4514906697356
37,2,vehicle,56.45,48.8051517916459
37.5,1,person,29.5,30.3528000201497
37.5,2,vehicle,56.375,48.8328902046681
38,1,person,29.6,30.2535449657915
38,2,vehicle,56.3,48.8616789377286
38.5,1,person,29.7,30.1538842935748
38.5,2,vehicle,56.225,48.8914920829108
39,1,person,29.8,30.0539774393152
39,2,vehicle,56.15,48.9223028103963
39.5,1,person,29.9,29.9539842326674
39.5,2,vehicle,56.075,48.9540833926101
40,1,person,30,29.8540646414311
40,2,vehicle,56,48.9868052291733
40.5,1,person,30.1,29.7543785156372
40.5,2,vehicle,55.925,49.0204388726416
41,1,person,30.2,29.6550853318219
41,2,vehicle,55.85,49.0549540550062
41.5,1,person,30.3,29.5563439378979
41.5,2,vehicle,55.775,49.0903197149325
42,1,person,30.4,29.4583122990316
42,2,vehicle,55.7,49.1265040257139
42.5,1,person,30.5,29.3611472449329
42.5,2,vehicle,55.625,49.1634744239129
43,1,person,30.6,29.2650042189611
43,2,vehicle,55.55,49.2011976386666
43.5,1,person,30.7,29.1700370294482
43.5,2,vehicle,55.475,49.2396397216279
44,1,person,30.8,29.0763976036388
44,2,vehicle,55.4,49.278766077517
44.5,1,person,30.9,28.984235744639
44.5,2,vehicle,55.325,49.3185414952545
45,1,person,31,28.8936988917629
45,2,vehicle,55.25,49.3589301796493
45.5,1,person,31.1,28.8049318846616
45.5,2,vehicle,55.175,49.3998957836114
46,1,person,31.2,28.7180767316107
46,2,vehicle,55.1,49.4414014408624
46.5,1,person,31.3,28.6332723823268
46.5,2,vehicle,55.025,49.4834097991124
47,1,person,31.4,28.5506545056781
47,2,vehicle,54.95,49.5258830536744
47.5,1,person,31.5,28.4703552726432
47.5,2,vehicle,54.875,49.5687829814862
48,1,person,31.6,28.3925031448652
48,2,vehicle,54.8,49.6120709755083
48.5,1,person,31.7,28.3172226691411
48.5,2,vehicle,54.725,49.6557080794681
49,1,person,31.8,28.244634278173
49,2,vehicle,54.65,49.6996550229173
49.5,1,person,31.9,28.1748540979018
49.5,2,vehicle,54.575,49.7438722565733
50,1,person,32,28.1079937617302
50,2,vehicle,54.5,49.7883199879102
50.5,1,person,32.1,28.0441602319334
50.5,2,vehicle,54.425,49.83295821697
51,1,person,32.2,27.9834556285419
51,2,vehicle,54.35,49.8777467723596
51.5,1,person,32.3,27.9259770659716
51.5,2,vehicle,54.275,49.9226453474022
52,1,person,32.4,27.8718164976611
52,2,vehicle,54.2,49.9676135364109
52.5,1,person,32.5,27.821060568966
52.5,2,vehicle,54.125,50.0126108710507
53,1,person,32.6,27.773790478545
53,2,vehicle,54.05,50.0575968567579
53.5,1,person,32.7,27.730081848459
53.5,2,vehicle,53.975,50.1025310091816
54,1,person,32.8,27.690004603192
54,2,vehicle,53.9,50.1473728906177
54.5,1,person,32.9,27.6536228577872
54.5,2,vehicle,53.825,50.1920821463996
55,1,person,33,27.6209948152762
55,2,vehicle,53.75,50.2366185412149
55.5,1,person,33.1,27.5921726735667
55.5,2,vehicle,53.675,50.2809419953144
56,1,person,33.2,27.5672025419371
56,2,vehicle,53.6,50.3250126205811
56.5,1,person,33.3,27.5461243672712
56.5,2,vehicle,53.525,50.368790756427
57,1,person,33.4,27.5289718701522
57,2,vehicle,53.45,50.4122370054847
57.5,1,person,33.5,27.5157724909163
57.5,2,vehicle,53.375,50.4553122690626
58,1,person,33.6,27.5065473457548
58,2,vehicle,53.3,50.4979777823311
58.5,1,person,33.7,27.5013111929318
58.5,2,vehicle,53.225,50.540195149208
59,1,person,33.8,27.5000724091749
59,2,vehicle,53.15,50.5819263769126
59.5,1,person,33.9,27.502832976274
59.5,2,vehicle,53.075,50.6231339101569
60,1,person,34,27.5095884779104
60,2,vehicle,53,50.6637806649423
