frame,obj_id,label,cx,cy,w,h
0,0,person,312.15364769169054,94.47089796274851,24.09019777094887,73.71841929880995
0,1,car,358.7152263751685,292.0749300721614,75.14060567452171,39.945729821595855
0,2,person,450.474443664861,430.10455760704457,26.481737887972717,85.65198281054998
0,3,car,319.6534494867178,175.47997226323977,63.021036242050975,42.078405696352974
0,4,person,212.81920232994952,278.90321391117465,22.083938483135675,83.32066784831254
1,0,person,320.34860301465915,96.6080037911396,24.09019777094887,73.71841929880995
1,1,car,354.5158081220365,292.065813197845,75.14060567452171,39.945729821595855
1,2,person,446.2632814636043,428.29707286074927,26.481737887972717,85.65198281054998
1,3,car,314.47905805625874,182.2899679172405,63.021036242050975,42.078405696352974
1,4,person,216.3571134420308,269.3590390929459,22.083938483135675,83.32066784831254
2,0,person,328.3311873095419,99.43693681301974,24.09019777094887,73.71841929880995
2,1,car,350.3256410485463,292.34455443694355,75.14060567452171,39.945729821595855
2,2,person,442.1579104524177,426.2606993552517,26.481737887972717,85.65198281054998
2,3,car,309.9662011331212,189.55526143329374,63.021036242050975,42.078405696352974
2,4,person,220.8118486861374,260.2068031965754,22.083938483135675,83.32066784831254
3,0,person,336.04311242276975,102.93704039936696,24.09019777094887,73.71841929880995
3,1,car,346.164433778911,292.90984271850505,75.14060567452171,39.945729821595855
3,2,person,438.1707599647805,424.0016023714288,26.481737887972717,85.65198281054998
3,3,car,306.15466593988646,197.21179896365626,63.021036242050975,42.078405696352974
3,4,person,226.14066216871578,251.53432749088495,22.083938483135675,83.32066784831254
4,0,person,343.42806653116475,107.08275709061509,24.09019777094887,73.71841929880995
4,1,car,342.05175872370825,293.75901918570634,75.14060567452171,39.945729821595855
4,2,person,434.31390141224284,421.52662150299756,26.481737887972717,85.65198281054998
4,3,car,303.0780565552331,205.19207729071852,63.021036242050975,42.078405696352974
4,4,person,232.29242068399472,243.424829653929,22.083938483135675,83.32066784831254
5,0,person,350.43212532609823,111.84381521505642,24.09019777094887,73.71841929880995
5,1,car,338.00696002023653,294.8880897018963,75.14060567452171,39.945729821595855
5,2,person,430.59901173727866,418.8432499491072,26.481737887972717,85.65198281054998
5,3,car,300.76349764641026,213.42573896343163,63.021036242050975,42.078405696352974
5,4,person,239.2080943681884,235.95612524876938,22.083938483135675,83.32066784831254
6,0,person,357.00414576421906,117.18544993002112,24.09019777094887,73.71841929880995
6,1,car,334.04906254656566,296.29174363718266,75.14060567452171,39.945729821595855
6,2,person,427.0373380604242,415.9596118280897,26.481737887972717,85.65198281054998
6,3,car,299.2313953268958,221.8401925978428,63.021036242050975,42.078405696352974
6,4,person,246.821323126935,229.1998810358288,22.083938483135675,83.32066784831254
7,0,person,363.0961395096191,123.0686570718105,24.09019777094887,73.71841929880995
7,1,car,330.1966824372349,297.9633788471997,75.14060567452171,39.945729821595855
7,2,person,423.6396636287362,412.8844375810531,26.481737887972717,85.65198281054998
7,3,car,298.4952572476173,230.3612528729114,63.021036242050975,42.078405696352974
7,4,person,255.05905340075512,223.22092728674468,22.083938483135675,83.32066784831254
8,0,person,368.66362334059244,129.45047796079234,24.09019777094887,73.71841929880995
8,1,car,326.4679395214945,299.8951327265673,75.14060567452171,39.945729821595855
8,2,person,420.4162751686641,409.6270375397844,26.481737887972717,85.65198281054998
8,3,car,298.5615735078866,238.91379457913771,63.021036242050975,42.078405696352974
8,4,person,263.8422391583782,218.07663569849012,22.083938483135675,83.32066784831254
9,0,person,373.66594396234797,136.28431308203665,24.09019777094887,73.71841929880995
9,1,car,322.8803720959386,302.0779191909806,75.14060567452171,39.945729821595855
9,2,person,417.3769317421766,406.19727373898826,26.481737887972717,85.65198281054998
9,3,car,299.42975943598606,247.4224149536383,63.021036242050975,42.078405696352974
9,4,person,273.08660039147975,213.81636887705406,22.083938483135675,83.32066784831254
10,0,person,378.06657485392066,143.5202623510221,24.09019777094887,73.71841929880995
10,1,car,319.4508544324016,304.5014714139837,75.14060567452171,39.945729821595855
10,2,person,414.5308352004349,402.60553005820185,26.481737887972717,85.65198281054998
10,3,car,301.0921607438779,255.8120984622479,63.021036242050975,42.078405696352974
10,4,person,282.7034318326112,210.48100667321995,22.083938483135675,83.32066784831254
11,0,person,381.8333829817294,151.10548947982102,24.09019777094887,73.71841929880995
11,1,car,316.19551740912243,307.1543901174128,75.14060567452171,39.945729821595855
11,2,person,411.8866023244643,398.86268078378276,26.481737887972717,85.65198281054998
11,3,car,303.5341210105891,264.00887816765174,63.021036242050975,42.078405696352974
11,4,person,292.60045413618207,208.10255391553886,22.083938483135675,83.32066784831254
12,0,person,384.938863432264,158.98460778319367,24.09019777094887,73.71841929880995
12,1,car,313.1296726384912,310.0241971883722,75.14060567452171,39.945729821595855
12,2,person,409.4522387371725,394.9800576861526,26.481737887972717,85.65198281054998
12,3,car,306.7341108993112,271.94048785265215,63.021036242050975,42.078405696352974
12,4,person,302.6826993548951,206.70383330453745,22.083938483135675,83.32066784831254
13,0,person,387.36034025063043,167.10008460746636,24.09019777094887,73.71841929880995
13,1,car,310.2677404482467,313.0973943705553,75.14060567452171,39.945729821595855
13,2,person,407.235114665697,390.96941571197095,26.481737887972717,85.65198281054998
13,3,car,310.66391796898324,279.53699914917985,63.021036242050975,42.078405696352974
13,4,person,312.8534222149495,206.29826641502837,22.083938483135675,83.32066784831254
14,0,person,389.0801320184512,175.39266142909005,24.09019777094887,73.71841929880995
14,1,car,307.6231820548684,316.3595267538513,75.14060567452171,39.945729821595855
14,2,person,405.2419426274629,386.8428973951104,26.481737887972717,85.65198281054998
14,3,car,315.2888954068996,286.731438055855,63.021036242050975,42.078405696352974
14,4,person,323.0150284457737,206.88974490793817,22.083938483135675,83.32066784831254
15,0,person,390.08568096208194,183.80178655535354,24.09019777094887,73.71841929880995
15,1,car,305.2084362481875,319.79525076361296,75.14060567452171,39.945729821595855
15,2,person,403.4787571075088,382.61299609418063,26.481737887972717,85.65198281054998
15,3,car,320.5682674894134,293.46037540862403,63.021036242050975,42.078405696352974
15,4,person,333.0700112563971,208.47259318745435,22.083938483135675,83.32066784831254
16,0,person,390.36964464841066,192.2660572677092,24.09019777094887,73.71841929880995
16,1,car,303.0348608850245,323.3884063297952,75.14060567452171,39.945729821595855
16,2,person,401.9508962886087,378.29251816790287,26.481737887972717,85.65198281054998
16,3,car,326.45548907766585,299.66448609863676,63.021036242050975,42.078405696352974
16,4,person,342.92188697240283,211.0316228618185,22.083938483135675,83.32066784831254
17,0,person,389.9299495986808,200.7236681792159,24.09019777094887,73.71841929880995
17,1,car,301.1126794670393,327.1220928965129,75.14060567452171,39.945729821595855
17,2,person,400.66298588950434,373.89454420285233,26.481737887972717,85.65198281054998
17,3,car,332.89865597887916,305.28907210706666,63.021036242050975,42.078405696352974
17,4,person,352.4761208554545,214.54227848518101,22.083938483135675,83.32066784831254
18,0,person,388.76980642885786,209.11286253223375,24.09019777094887,73.71841929880995
18,1,car,299.4509330540685,330.978748914505,75.14060567452171,39.945729821595855
18,2,person,399.61892516017775,369.43238941095393,26.481737887972717,85.65198281054998
18,3,car,339.84096255529573,310.2845447455825,63.021036242050975,42.078405696352974
18,4,person,361.6410342215964,218.97087318203614,22.083938483135675,83.32066784831254
19,0,person,386.89768640598345,217.37238314103107,24.09019777094887,73.71841929880995
19,1,car,298.05743773912616,334.940234442608,75.14060567452171,39.945729821595855
19,2,person,398.8218750765656,364.9195633166315,26.481737887972717,85.65198281054998
19,3,car,347.22120254629425,314.60686185083773,63.021036242050975,42.078405696352974
19,4,person,370.32868415397496,224.274911893277,22.083938483135675,83.32066784831254
20,0,person,384.32725959170216,225.44191968655937,24.09019777094887,73.71841929880995
20,1,car,296.93874788508697,338.98791646972,75.14060567452171,39.945729821595855
20,2,person,398.2742487704559,360.3697288556604,26.481737887972717,85.65198281054998
20,3,car,354.9743086882263,318.21791607849093,63.021036242050975,42.078405696352974
20,4,person,378.45570736860356,230.40349914212868,22.083938483135675,83.32066784831254
21,0,person,381.07729502463036,233.2625490972892,24.09019777094887,73.71841929880995
21,1,car,296.10012529596906,343.10275655593927,75.14060567452171,39.945729821595855
21,2,person,397.977704223542,355.7966610095555,26.481737887972717,85.65198281054998
21,3,car,363.0319263744602,321.08587087339396,63.021036242050975,42.078405696352974
21,4,person,385.94412013576454,237.29782740719702,22.083938483135675,83.32066784831254
22,0,person,377.1715236704281,240.77716580048087,24.09019777094887,73.71841929880995
22,1,car,295.5455144678215,347.26540038065417,75.14060567452171,39.945729821595855
22,2,person,397.9331392477523,351.2142051007314,26.481737887972717,85.65198281054998
22,3,car,371.32301629800753,323.1854411538964,63.021036242050975,42.078405696352974
22,4,person,392.7220665813172,244.8917414163967,22.083938483135675,83.32066784831254
23,0,person,372.63846514030035,247.9308987022343,24.09019777094887,73.71841929880995
23,1,car,295.2775240356233,351.456268776391,75.14060567452171,39.945729821595855
23,2,person,398.14068876705466,346.636234874701,26.481737887972717,85.65198281054998
23,3,car,379.7744807635836,324.4981162356362,63.021036242050975,42.078405696352974
23,4,person,398.7245081875054,253.11237294701533,22.083938483135675,83.32066784831254
24,0,person,367.51121944321426,254.67151185156317,24.09019777094887,73.71841929880995
24,1,car,295.29741450346137,355.65564982023847,75.14060567452171,39.945729821595855
24,2,person,398.5997244089628,342.07661049621964,26.481737887972717,85.65198281054998
24,3,car,388.31180814727554,325.0123230294274,63.021036242050975,42.078405696352974
24,4,person,403.8938478770842,261.8808400406209,22.083938483135675,83.32066784831254
25,0,person,361.8272252924411,260.94978586287954,24.09019777094887,73.71841929880995
25,1,car,295.60509231569733,359.8437915496924,75.14060567452171,39.945729821595855
25,2,person,399.3088564069839,337.5491365865471,26.481737887972717,85.65198281054998
25,3,car,396.85972982199166,324.7235280744259,63.021036242050975,42.078405696352974
25,4,person,408.1804826923011,271.1130039234206,22.083938483135675,83.32066784831254
26,0,person,355.6279867312465,266.71987731177296,24.09019777094887,73.71841929880995
26,1,car,296.19911029700995,364.00099486682916,75.14060567452171,39.945729821595855
26,2,person,400.2659378082457,333.0675204288711,26.481737887972717,85.65198281054998
26,3,car,405.34288375696696,323.6342775070037,63.021036242050975,42.078405696352974
26,4,person,411.543279765438,280.720276368959,22.083938483135675,83.32066784831254
27,0,person,348.95877007388674,271.93965347980816,24.09019777094887,73.71841929880995
27,1,car,297.0766744592446,368.1077061938276,75.14060567452171,39.945729821595855
27,2,person,401.4680709735652,328.6453304684304,26.481737887972717,85.65198281054998
27,3,car,413.68647894075315,321.7541746129533,63.021036242050975,42.078405696352974
27,4,person,413.94997101369006,290.6104697560211,22.083938483135675,83.32066784831254
28,0,person,341.86827337482003,276.57100000406206,24.09019777094887,73.71841929880995
28,1,car,298.2336571430518,372.1446094440314,75.14060567452171,39.945729821595855
28,2,person,402.91161635027885,324.2959552329797,26.481737887972717,85.65198281054998
28,3,car,421.8169547698655,319.09979516092756,63.021036242050975,42.078405696352974
28,4,person,415.377462771042,300.68868166491603,22.083938483135675,83.32066784831254
29,0,person,334.4082708396434,280.58009918496936,24.09019777094887,73.71841929880995
29,1,car,299.66461643250403,376.092716875962,75.14060567452171,39.945729821595855
29,2,person,404.59220349127474,320.0325627979694,26.481737887972717,85.65198281054998
29,3,car,429.66262958964154,315.69454126357306,63.021036242050975,42.078405696352974
29,4,person,415.81205738603643,310.8582055239036,22.083938483135675,83.32066784831254
30,0,person,326.6332347742335,283.93767692029724,24.09019777094887,73.71841929880995
30,1,car,301.3628217513724,379.93345840294654,75.14060567452171,39.945729821595855
30,2,person,406.5047442868645,315.86806091916225,26.481737887972717,85.65198281054998
30,3,car,437.15433266950606,311.56843505477696,63.021036242050975,42.078405696352974
30,4,person,415.2495846590693,321.0214585675564,22.083938483135675,83.32066784831254
31,0,person,318.5999378325888,286.61921646215694,24.09019777094887,73.71841929880995
31,1,car,303.32028552067027,383.64876893828836,75.14060567452171,39.945729821595855
31,2,person,408.6434483694354,311.8150579533876,26.481737887972717,85.65198281054998
31,3,car,444.22601404088493,306.75785400205484,63.021036242050975,42.078405696352974
31,4,person,413.69544185799066,331.08091820273336,22.083938483135675,83.32066784831254
32,0,person,310.36703846772485,288.60513743621806,24.09019777094887,73.71841929880995
32,1,car,305.5278007285618,387.2211733651504,75.14060567452171,39.945729821595855
32,2,person,411.0018406442439,307.8858246857504,26.481737887972717,85.65198281054998
32,3,car,450.8153268211849,301.30521018767524,63.021036242050975,42.078405696352974
32,4,person,411.1645419280378,340.9400577971637,22.083938483135675,83.32066784831254
33,0,person,301.9946526126242,289.8809388159413,24.09019777094887,73.71841929880995
33,1,car,307.9749842359228,390.63386873149,75.14060567452171,39.945729821595855
33,2,person,413.57278089327343,304.0922571788641,26.481737887972717,85.65198281054998
33,3,car,456.86417688982704,295.25857638611217,63.021036242050975,42.078405696352974
33,4,person,407.6811703930572,350.50427291118046,22.083938483135675,83.32066784831254
34,0,person,293.5439147187922,290.43730480784444,24.09019777094887,73.71841929880995
34,1,car,310.6503256138657,393.8708032834393,75.14060567452171,39.945729821595855
34,2,person,416.3484853928062,300.4458407565863,26.481737887972717,85.65198281054998
34,3,car,462.319235070163,288.6712622344821,63.021036242050975,42.078405696352974
34,4,person,403.2787523211354,359.6817890848473,22.083938483135675,83.32066784831254
35,0,person,285.07653135767663,290.2701728746365,24.09019777094887,73.71841929880995
35,1,car,313.54124128351737,396.91675196539336,75.14060567452171,39.945729821595855
35,2,person,419.3205504792585,296.95761523129767,26.481737887972717,85.65198281054998
35,3,car,467.13240730166495,281.60134423262275,63.021036242050975,42.078405696352974
35,4,person,397.9995315907453,368.38454246970883,22.083938483135675,83.32066784831254
36,0,person,276.6543306445159,289.38076339952033,24.09019777094887,73.71841929880995
36,1,car,316.63413370340385,399.75738803168986,75.14060567452171,39.945729821595855
36,2,person,422.47997799193274,293.6381414800021,26.481737887972717,85.65198281054998
36,3,car,471.261258657155,274.1111537165288,63.021036242050975,42.078405696352974
36,4,person,391.89416553504384,376.5290248549675,22.083938483135675,83.32066784831254
37,0,person,268.33881077468413,287.77557077505804,24.09019777094887,73.71841929880995
37,1,car,319.9144553260488,402.3793504330495,75.14060567452171,39.945729821595855
37,2,person,425.81720251565673,290.49746947044133,26.481737887972717,85.65198281054998
37,3,car,474.6693874667633,266.2667273193832,63.021036242050975,42.078405696352974
37,4,person,385.02123885395645,384.03708497954665,22.083938483135675,83.32066784831254
38,0,person,260.190690969085,285.46631598166744,24.09019777094887,73.71841929880995
38,1,car,323.36677702296515,404.7703066608246,75.14060567452171,39.945729821595855
38,2,person,429.3221203408297,287.5451078340275,26.481737887972717,85.65198281054998
38,3,car,477.32674625018115,258.13722476514846,63.021036242050975,42.078405696352974
38,4,person,377.4467014583559,390.83667844096396,22.083938483135675,83.32066784831254
39,0,person,252.269468107549,282.46986100201667,24.09019777094887,73.71841929880995
39,1,car,326.97486065619944,406.9190107534634,75.14060567452171,39.945729821595855
39,2,person,432.98412005319767,284.7899950777141,26.481737887972717,85.65198281054998
39,3,car,479.2099066277379,249.7943191276912,63.021036242050975,42.078405696352974
39,4,person,369.2432356405644,396.86255900518245,22.083938483135675,83.32066784831254
40,0,person,244.6329822876628,278.80808569625697,24.09019777094887,73.71841929880995
40,1,car,330.7217354550854,408.8153561923559,75.14060567452171,39.945729821595855
40,2,person,436.79211466074406,282.24047252196345,26.481737887972717,85.65198281054998
40,3,car,480.30226587473516,241.31156493116893,63.021036242050975,42.078405696352974
40,4,person,360.48955864356105,402.0569046839021,22.083938483135675,83.32066784831254
41,0,person,237.33699448128166,274.50772803713915,24.09019777094887,73.71841929880995
41,1,car,334.5897778389664,410.4504234382624,75.14060567452171,39.945729821595855
41,2,person,440.73457516042987,279.9042590467433,26.481737887972717,85.65198281054998
41,3,car,480.5941932979692,232.7637496627696,63.021036242050975,42.078405696352974
41,4,person,351.2696673211681,406.3698725716984,22.083938483135675,83.32066784831254
42,0,person,230.4347793726419,269.60018887160453,24.09019777094887,73.71841929880995
42,1,car,338.56079431043577,411.81652188473504,75.14060567452171,39.945729821595855
42,2,person,444.7995654431567,277.7884277220107,26.481737887972717,85.65198281054998
42,3,car,480.08311514392557,224.22623441513605,63.021036242050975,42.078405696352974
42,4,person,341.67203213716084,409.76007711900917,22.083938483135675,83.32066784831254
43,0,person,223.97673635113372,264.1213026344625,24.09019777094887,73.71841929880995
43,1,car,342.61610702920507,412.90722603120355,75.14060567452171,39.945729821595855
43,2,person,448.9747784312753,275.8993843934369,26.481737887972717,85.65198281054998
43,3,car,478.77353729006023,215.77428947164628,63.021036242050975,42.078405696352974
43,4,person,331.78874823736976,412.1949872516485,22.083938483135675,83.32066784831254
44,0,person,218.01002149923502,258.11107568838753,24.09019777094887,73.71841929880995
44,1,car,346.73664166409867,413.71740570558336,75.14060567452171,39.945729821595855
44,2,person,453.2475733392307,274.2428482882059,26.481737887972717,85.65198281054998
44,3,car,476.6770055191104,207.48243069230645,63.021036242050975,42.078405696352974
44,4,person,321.7146517407536,413.65123852624583,22.083938483135675,83.32066784831254
45,0,person,212.5782032627954,251.61339420085085,24.09019777094887,73.71841929880995
45,1,car,350.9030171099596,414.24325019425197,75.14060567452171,39.945729821595855
45,2,person,457.6050139445343,272.82383469960445,26.481737887972717,85.65198281054998
45,3,car,473.8120037266751,199.4237625509534,63.021036242050975,42.078405696352974
45,4,person,311.54640972916934,414.11485732628734,22.083938483135675,83.32066784831254
46,0,person,207.72094431793968,244.67570369104783,24.09019777094887,73.71841929880995
46,1,car,355.09563664747964,414.4822861658982,75.14060567452171,39.945729821595855
46,2,person,462.03390775319417,271.6466398028275,26.481737887972717,85.65198281054998
46,3,car,470.2037909595073,191.6693336158246,63.021036242050975,42.078405696352974
46,4,person,301.38159266793895,413.58139494746405,22.083938483135675,83.32066784831254
47,0,person,203.47371195756992,237.3486625867396,24.09019777094887,73.71841929880995
47,1,car,359.29478011717964,414.4333893049385,75.14060567452171,39.945729821595855
47,2,person,466.52084594102814,270.7148276479701,26.481737887972717,85.65198281054998
47,3,car,465.88417872125825,184.2875101558463,63.021036242050975,42.078405696352974
47,4,person,291.3177381579033,412.0559702856947,22.083938483135675,83.32066784831254
48,0,person,199.86751911220102,229.6857723207104,24.09019777094887,73.71841929880995
48,1,car,363.48069667399534,414.0967895997816,75.14060567452171,39.945729821595855
48,2,person,471.05224394993303,270.031219369585,26.481737887972717,85.65198281054998
48,3,car,460.8912505090377,177.3433733951878,63.021036242050975,42.078405696352974
48,4,person,281.4514150028297,409.5532207182066,22.083938483135675,83.32066784831254
49,0,person,196.92869789617168,221.74298666784213,24.09019777094887,73.71841929880995
49,1,car,367.6336976861947,413.47407026106873,75.14060567452171,39.945729821595855
49,2,person,475.61438261620196,269.59788464547694,26.481737887972717,85.65198281054998
49,3,car,455.2690260534721,170.8981457301354,63.021036242050975,42.078405696352974
49,4,person,271.87729657301816,406.09716164900044,22.083938483135675,83.32066784831254
50,0,person,194.67870733277874,213.57830317539506,24.09019777094887,73.71841929880995
50,1,car,371.73424934167167,412.56816027497683,75.14060567452171,39.945729821595855
50,2,person,480.1934497063712,269.41613543058963,26.481737887972717,85.65198281054998
50,3,car,449.06707322246103,165.00865096699738,63.021036242050975,42.078405696352974
50,4,person,262.68725235674196,401.7209560664451,22.083938483135675,83.32066784831254
51,0,person,193.13397666230878,205.2513396698365,24.09019777094887,73.71841929880995
51,1,car,375.7630645260398,411.3833206266107,75.14060567452171,39.945729821595855
51,2,person,484.77558173484306,269.48652198495927,26.481737887972717,85.65198281054998
51,3,car,442.34007101024906,159.7268133398063,63.021036242050975,42.078405696352974
51,4,person,253.9694664166435,396.4665963242385,22.083938483135675,83.32066784831254
52,0,person,192.30578537711884,196.8228989325277,24.09019777094887,73.71841929880995
52,1,car,379.70119354037297,409.9251242582833,75.14060567452171,39.945729821595855
52,2,person,489.346905936678,269.80883120775917,26.481737887972717,85.65198281054998
52,3,car,435.1473274646828,155.09919972468765,63.021036242050975,42.078405696352974
52,4,person,245.8075912100291,390.38450119923823,22.083938483135675,83.32066784831254
53,0,person,192.20018085973973,188.35452472296987,24.09019777094887,73.71841929880995
53,1,car,383.5301132318981,408.20042985695113,75.14060567452171,39.945729821595855
53,2,person,493.89358226848134,270.3820872824789,26.481737887972717,85.65198281054998
53,3,car,427.5522568028076,151.1666090869224,63.021036242050975,42.078405696352974
53,4,person,238.2799448926726,383.53303209263856,22.083938483135675,83.32066784831254
54,0,person,192.81793422540173,179.90805239149296,24.09019777094887,73.71841929880995
54,1,car,387.23181411841114,406.2173495940963,75.14060567452171,39.945729821595855
54,2,person,498.40184531022254,271.204554631286,26.481737887972717,85.65198281054998
54,3,car,419.62182032476915,147.96371278030955,63.021036242050975,42.078405696352974
54,4,person,231.45875980848638,375.9779330168372,22.083938483135675,83.32066784831254
55,0,person,194.15453469141647,171.54515736276974,24.09019777094887,73.71841929880995
55,1,car,390.78888509662124,403.9852109697919,75.14060567452171,39.945729821595855
55,2,person,502.85804594112665,272.2737431696237,26.481737887972717,85.65198281054998
55,3,car,411.4259360551567,145.51874887009836,63.021036242050975,42.078405696352974
55,4,person,225.40948937625745,367.79169974165745,22.083938483135675,83.32066784831254
56,0,person,196.20022251452974,163.32690478709642,24.09019777094887,73.71841929880995
56,1,car,394.18459533599605,401.5145129404203,75.14060567452171,39.945729821595855
56,2,person,507.2486926634605,273.5864158451383,26.481737887972717,85.65198281054998
56,3,car,403.0368623166336,143.85327317446695,63.021036242050975,42.078405696352974
56,4,person,220.1901800242926,359.05288415335303,22.083938483135675,83.32066784831254
57,0,person,198.94006025573876,155.31330364784316,24.09019777094887,73.71841929880995
57,1,car,397.402972972915,398.81687653639625,75.14060567452171,39.945729821595855
57,2,person,511.5604924491024,275.1385984381091,26.481737887972717,85.65198281054998
57,3,car,394.5285606705282,142.9819692194687,63.021036242050975,42.078405696352974
57,4,person,215.85091419964132,349.84534050149273,22.083938483135675,83.32066784831254
58,0,person,202.3540418522054,147.56286858094649,24.09019777094887,73.71841929880995
58,1,car,400.42888023499114,395.90499020217055,75.14060567452171,39.945729821595855
58,2,person,515.7803909852303,276.92559159371154,26.481737887972717,85.65198281054998
58,3,car,385.9760438409636,142.9125187829627,63.021036242050975,42.078405696352974
58,4,person,212.4333297965615,340.2574207664446,22.083938483135675,83.32066784831254
59,0,person,206.41723869983025,140.13219260600005,24.09019777094887,73.71841929880995
59,1,car,403.2480846422097,392.79255011560576,75.14060567452171,39.945729821595855
59,2,person,519.8956121972794,278.9419850496829,26.481737887972717,85.65198281054998
59,3,car,377.45471437150024,143.645534168867,63.021036242050975,42.078405696352974
59,4,person,209.97022061560457,330.3811268683984,22.083938483135675,83.32066784831254
60,0,person,211.0999816798056,133.07553388882474,24.09019777094887,73.71841929880995
60,1,car,405.8473259499866,389.4941957674373,75.14060567452171,39.945729821595855
60,2,person,523.8936969295133,281.1816740163168,26.481737887972717,85.65198281054998
60,3,car,369.0396998449677,145.1745528088327,63.021036242050975,42.078405696352974
60,4,person,208.48522168715738,320.31122785299556,22.083938483135675,83.32066784831254
61,0,person,216.36807780000515,126.44441955294347,24.09019777094887,73.71841929880995
61,1,car,408.21437851927806,386.0254411038229,75.14060567452171,39.945729821595855
61,2,person,527.7625406660965,283.63787765919426,26.481737887972717,85.65198281054998
61,3,car,360.8051905274645,147.48609423893294,63.021036242050975,42.078405696352974
61,4,person,207.99258247895352,310.1443505247084,22.083938483135675,83.32066784831254
62,0,person,222.1830598693129,120.2872694328941,24.09019777094887,73.71841929880995
62,1,car,410.3381088203791,382.4026015558549,75.14060567452171,39.945729821595855
62,2,person,531.4904301784683,286.3031596286925,26.481737887972717,85.65198281054998
62,3,car,352.82378527613247,150.55977894903663,63.021036242050975,42.078405696352974
62,4,person,208.49703016376537,299.9780522538928,22.083938483135675,83.32066784831254
63,0,person,228.50246738178998,114.64904251670497,24.09019777094887,73.71841929880995
63,1,car,412.2085277999417,378.64271729925497,75.14060567452171,39.945729821595855
63,2,person,535.0660789880626,289.1694505741183,26.481737887972717,85.65198281054998
63,3,car,345.16585147745315,154.3685080570412,63.021036242050975,42.078405696352974
63,4,person,209.99372425930693,289.90988485449634,22.083938483135675,83.32066784831254
64,0,person,235.28015655968915,109.57090865917587,24.09019777094887,73.71841929880995
64,1,car,413.81683786490015,374.7634731052026,75.14060567452171,39.945729821595855
64,2,person,538.4786615370097,292.22807257430156,26.481737887972717,85.65198281054998
64,3,car,337.89890465911793,158.878702223882,63.021036242050975,42.078405696352974
64,4,person,212.4683030756045,280.0364585150825,22.083938483135675,83.32066784831254
65,0,person,242.4666372914057,105.08994796309057,24.09019777094887,73.71841929880995
65,1,car,415.1554742623145,370.783115159282,75.14060567452171,39.945729821595855
65,2,person,541.7178459633632,295.4697654106839,26.481737887972717,85.65198281054998
65,3,car,331.0870132450704,164.05059770294403,63.021036242050975,42.078405696352974
65,4,person,215.89702152414554,270.45251476532405,22.083938483135675,83.32066784831254
66,0,person,250.00943450407613,101.23888002345022,24.09019777094887,73.71841929880995
66,1,car,416.21814066049865,366.72036523979324,75.14060567452171,39.945729821595855
66,2,person,544.7738253816245,298.88471460335825,26.481737887972717,85.65198281054998
66,3,car,324.79023370164816,169.83859691378154,63.021036242050975,42.078405696352974
66,4,person,220.24697896644204,261.2500173734141,22.083938483135675,83.32066784831254
67,0,person,257.85347133210996,98.04582501176563,24.09019777094887,73.71841929880995
67,1,car,416.99983876407714,362.59433265909325,75.14060567452171,39.945729821595855
67,2,person,547.6373475738598,302.46258112517813,26.481737887972717,85.65198281054998
67,3,car,319.0640810548108,176.19167044934156,63.021036242050975,42.078405696352974
67,4,person,225.47643491566316,252.51726989778794,22.083938483135675,83.32066784831254
68,0,person,265.94147128379143,95.53409834494956,24.09019777094887,73.71841929880995
68,1,car,417.4968918236743,358.42442438215465,75.14060567452171,39.945729821595855
68,2,person,550.2997430015167,306.1925327039757,26.481737887972717,85.65198281054998
68,3,car,313.95903944659403,183.0538069724291,63.021036242050975,42.078405696352974
68,4,person,231.5352095619888,244.33806836078315,22.083938483135675,83.32066784831254
69,0,person,274.214376469365,93.7220404381196,24.09019777094887,73.71841929880995
69,1,car,417.70696192965687,354.23025374510274,75.14060567452171,39.945729821595855
69,2,person,552.7529510531347,310.06327661811684,26.481737887972717,85.65198281054998
69,3,car,309.52011704592775,190.36450703493884,63.021036242050975,42.078405696352974
69,4,person,238.36516527839842,236.79089717484976,22.083938483135675,83.32066784831254
70,0,person,282.6117788367375,92.62288278444241,24.09019777094887,73.71841929880995
70,1,car,417.6290610085891,350.0315482030777,75.14060567452171,39.945729821595855
70,2,person,554.9895444484789,314.0630938861038,26.481737887972717,85.65198281054998
70,3,car,305.7864492379095,198.05931646613885,63.021036242050975,42.078405696352974
70,4,person,245.9007644865555,229.94817603688702,22.083938483135675,83.32066784831254
71,0,person,291.07236126595296,92.24465133989254,24.09019777094887,73.71841929880995
71,1,car,417.2635554706766,345.84805654133254,75.14060567452171,39.945729821595855
71,2,person,557.0027517252156,318.1798747467129,26.481737887972717,85.65198281054998
71,3,car,302.790953589981,206.07039462743265,63.021036242050975,42.078405696352974
71,4,person,254.06969852972435,223.87556501721383,22.083938483135675,83.32066784831254
72,0,person,299.5343453016006,92.59010791840275,24.09019777094887,73.71841929880995
72,1,car,416.612164486341,341.6994559860052,75.14060567452171,39.945729821595855
72,2,person,558.7864777400466,322.40115532224894,26.481737887972717,85.65198281054998
72,3,car,300.5600396369704,214.32711252362952,63.021036242050975,42.078405696352974
72,4,person,262.7935815183019,218.6313345112667,22.083938483135675,83.32066784831254
73,0,person,307.9359422538593,93.6567300253327,24.09019777094887,73.71841929880995
73,1,car,415.67795190003073,337.60525965147076,75.14060567452171,39.945729821595855
73,2,person,560.335322122235,326.71415535391446,26.481737887972717,85.65198281054998
73,3,car,299.1133760436546,222.75667549752632,63.021036242050975,42.078405696352974
73,4,person,271.9887024900942,214.26580609972189,22.083938483135675,83.32066784831254
74,0,person,316.2158043742692,95.43672927651102,24.09019777094887,73.71841929880995
74,1,car,414.465311819302,333.58472475960053,75.14060567452171,39.945729821595855
74,2,person,561.6445956236515,331.10581689504824,26.481737887972717,85.65198281054998
74,3,car,298.46371719763533,231.28476501786471,63.021036242050975,42.078405696352974
74,4,person,281.56682866790254,210.82086968232863,22.083938483135675,83.32066784831254
75,0,person,324.3134728117893,97.91710826835593,24.09019777094887,73.71841929880995
75,1,car,412.9799479469516,329.65676206262236,75.14060567452171,39.945729821595855
75,2,person,562.7103343158424,335.5628438450846,26.481737887972717,85.65198281054998
75,3,car,298.61679076135533,239.83619390239664,63.021036242050975,42.078405696352974
75,4,person,291.4360521066743,208.3295815188482,22.083938483135675,83.32066784831254
76,0,person,332.1698190782003,101.0797554838141,24.09019777094887,73.71841929880995
76,1,car,411.22884675341544,325.83984689561487,75.14060567452171,39.945729821595855
76,2,person,563.529311591134,340.07174220454436,26.481737887972717,85.65198281054998
76,3,car,299.5712471746457,248.33556919933733,63.021036242050975,42.078405696352974
76,4,person,301.5016716061242,206.81584703414012,22.083938483135675,83.32066784831254
77,0,person,339.72747679931126,104.90157754112212,24.09019777094887,73.71841929880995
77,1,car,409.22024461561534,322.1519322770044,75.14060567452171,39.945729821595855
77,2,person,564.0990479314421,344.6188609291782,26.481737887972717,85.65198281054998
77,3,car,301.3186715530095,256.70795688296835,63.021036242050975,42.078405696352974
77,4,person,311.66710142633787,206.29419143107424,22.083938483135675,83.32066784831254
78,0,person,346.93126059935935,109.35466781972184,24.09019777094887,73.71841929880995
78,1,car,406.96358907681946,318.6103644658002,75.14060567452171,39.945729821595855
78,2,person,564.4178184152064,349.1904332595767,26.481737887972717,85.65198281054998
78,3,car,303.84365787674113,264.8795425031576,63.021036242050975,42.078405696352974
78,4,person,321.83479808667954,206.76962031237628,22.083938483135675,83.32066784831254
79,0,person,353.7285690599433,114.40651023203688,24.09019777094887,73.71841929880995
79,1,car,404.4694944097316,315.2318013727472,75.14060567452171,39.945729821595855
79,2,person,564.4846579397273,353.7726184011162,26.481737887972717,85.65198281054998
79,3,car,307.12394481680053,272.7782819642357,63.021036242050975,42.078405696352974
79,4,person,331.90719635480394,208.23757164882582,22.083938483135675,83.32066784831254
80,0,person,360.0697688111205,120.02021665318725,24.09019777094887,73.71841929880995
80,1,car,401.74969169182054,312.03213420915364,75.14060567452171,39.945729821595855
80,2,person,564.2993641430899,358.3515434280532,26.481737887972717,85.65198281054998
80,3,car,311.13061199994337,280.33453669569116,63.021036242050975,42.078405696352974
80,4,person,341.7876454443893,210.68395955470106,22.083938483135675,83.32066784831254
81,0,person,365.9085569500644,126.15479627494811,24.09019777094887,73.71841929880995
81,1,car,398.8169736277114,309.0264127419209,75.14060567452171,39.945729821595855
81,2,person,563.86249801683,362.91334528489773,26.481737887972717,85.65198281054998
81,3,car,315.82833498275386,287.4816876147561,63.021036242050975,42.078405696352974
81,4,person,351.38133643820436,214.08530945041755,22.083938483135675,83.32066784831254
82,0,person,371.20229914093443,132.76545491715572,24.09019777094887,73.71841929880995
82,1,car,395.68513437817023,306.2287745063427,75.14060567452171,39.945729821595855
82,2,person,563.1753822074894,367.444212757903,26.481737887972717,85.65198281054998
82,3,car,321.1756966866217,294.15672246793287,63.021036242050975,42.078405696352974
82,4,person,360.59621203732223,218.40898331539415,22.083938483135675,83.32066784831254
83,0,person,375.91234092718156,139.80392211101264,24.09019777094887,73.71841929880995
83,1,car,392.3689046786983,303.6523783096221,75.14060567452171,39.945729821595855
83,2,person,562.240097012198,371.9304282896016,26.481737887972717,85.65198281054998
83,3,car,327.1255525479237,300.3007913732143,63.021036242050975,42.078405696352974
83,4,person,369.3438499068823,223.61349286970736,22.083938483135675,83.32066784831254
84,0,person,380.0042899831111,147.2188035659566,24.09019777094887,73.71841929880995
84,1,car,388.88388255290783,301.309342337878,75.14060567452171,39.945729821595855
84,2,person,561.059474080412,376.35840950978803,26.481737887972717,85.65198281054998
84,3,car,333.62544616409446,305.8597256651069,63.021036242050975,42.078405696352974
84,4,person,377.5403111421626,229.64889767936577,22.083938483135675,83.32066784831254
85,0,person,383.4482672437287,154.9559564464123,24.09019777094887,73.71841929880995
85,1,car,385.24645994657266,299.21068715775493,75.14060567452171,39.945729821595855
85,2,person,559.6370878408716,380.71475035721375,26.481737887972717,85.65198281054998
85,3,car,340.6180717710766,310.784515468103,63.021036242050975,42.078405696352974
85,4,person,385.1069457134125,236.45728436514275,22.083938483135675,83.32066784831254
86,0,person,386.21912507913896,162.95888471818506,24.09019777094887,73.71841929880995
86,1,car,381.4737456274329,297.3662838807318,75.14060567452171,39.945729821595855
86,2,person,557.9772446797377,384.9862616674903,26.481737887972717,85.65198281054998
86,3,car,348.0417794747583,315.0317417881163,63.021036242050975,42.078405696352974
86,4,person,391.9711471607152,243.9733223166666,22.083938483135675,83.32066784831254
87,0,person,388.29663092040647,171.16915167771168,24.09019777094887,73.71841929880995
87,1,car,377.583484713398,295.784807733941,75.14060567452171,39.945729821595855
87,2,person,556.0849699026688,389.16001110432205,26.481737887972717,85.65198281054998
87,3,car,355.831118782067,318.5639593123824,63.021036242050975,42.078405696352974
87,4,person,398.06704929712174,252.1248905793541,22.083938483135675,83.32066784831254
88,0,person,389.6656149960583,179.52680665191383,24.09019777094887,73.71841929880995
88,1,car,373.59397520765054,294.473697255878,75.14060567452171,39.945729821595855
88,2,person,553.9659925203134,393.22336231317036,26.481737887972717,85.65198281054998
88,3,car,363.91741563972334,321.35002654290173,63.021036242050975,42.078405696352974
88,4,person,403.33615823476737,260.83376989882584,22.083938483135675,83.32066784831254
89,0,person,390.31608110046875,187.97082275292908,24.09019777094887,73.71841929880995
89,1,car,369.5239819332309,293.43911930892824,75.14060567452171,39.945729821595855
89,2,person,551.6267279032793,397.16401317881116,26.481737887972717,85.65198281054998
89,3,car,372.229377893242,323.36538035283144,63.021036242050975,42.078405696352974
89,4,person,407.7279136692953,270.0163932822166,22.083938483135675,83.32066784831254
90,0,person,390.24327958530546,196.43954249127117,24.09019777094887,73.71841929880995
90,1,car,365.39264827191573,292.68594007327454,75.14060567452171,39.945729821595855
90,2,person,549.0742583590953,400.97003307095525,26.481737887972717,85.65198281054998
90,3,car,380.6937238282009,324.5922525452218,63.021036242050975,42.078405696352974
90,4,person,411.2001740367223,279.58464787428795,22.083938483135675,83.32066784831254
91,0,person,389.4477420410582,204.87112799358832,24.09019777094887,73.71841929880995
91,1,car,361.2194061225296,292.2177021586172,75.14060567452171,39.945729821595855
91,2,person,546.3163116899684,404.62989896517,26.481737887972717,85.65198281054998
91,3,car,389.2358282522981,325.01982650482694,63.021036242050975,42.078405696352974
91,4,person,413.7196208873712,289.44672045385533,22.083938483135675,83.32066784831254
92,0,person,387.93527741541055,213.20401253757183,24.09019777094887,73.71841929880995
92,1,car,357.02388450220485,292.03660794136294,75.14060567452171,39.945729821595855
92,2,person,543.3612377962547,408.1325303297408,26.481737887972717,85.65198281054998
92,3,car,397.7803804220685,324.6443325618809,63.021036242050975,42.078405696352974
92,4,person,415.2620785966559,299.5079784374759,22.083938483135675,83.32066784831254
93,0,person,385.71692959679666,221.37735010694,24.09019777094887,73.71841929880995
93,1,car,352.8258172204872,292.14350920565596,75.14060567452171,39.945729821595855
93,2,person,540.21798339648,411.467322672853,26.481737887972717,85.65198281054998
93,3,car,406.252048013703,323.4690812270737,63.021036242050975,42.078405696352974
93,4,person,415.8127463449005,309.67187793663186,22.083938483135675,83.32066784831254
94,0,person,382.8088967728641,229.33145968388988,24.09019777094887,73.71841929880995
94,1,car,348.64495006054614,292.53790313697624,75.14060567452171,39.945729821595855
94,2,person,536.8960649404457,414.62417964852386,26.481737887972717,85.65198281054998
94,3,car,414.57614128413104,321.50443400471244,63.021036242050975,42.078405696352974
94,4,person,415.3663401402043,319.84089015504856,22.083938483135675,83.32066784831254
95,0,person,379.23241315268154,237.00826103482768,24.09019777094887,73.71841929880995
95,1,car,344.50094790406666,293.21793468714833,75.14060567452171,39.945729821595855
95,2,person,533.4055397974292,417.593543624084,26.481737887972717,85.65198281054998
95,3,car,422.6792715668428,318.76771204139266,63.021036242050975,42.078405696352974
95,4,person,413.927143521557,329.917437236801,22.083938483135675,83.32066784831254
96,0,person,375.0135939163448,244.35169880730933,24.09019777094887,73.71841929880995
96,1,car,340.4133022366646,294.18040529963736,75.14060567452171,39.945729821595855
96,2,person,529.7569758067082,420.3664246166614,26.481737887972717,85.65198281054998
96,3,car,430.48999829688006,315.28304341556935,63.021036242050975,42.078405696352974
96,4,person,411.50896645567786,339.8048285851778,22.083938483135675,83.32066784831254
97,0,person,370.1832445241467,251.30815184147013,24.09019777094887,73.71841929880995
97,1,car,336.4012394688774,295.4207879540918,75.14060567452171,39.945729821595855
97,2,person,525.9614192825953,422.9344275110616,26.481737887972717,85.65198281054998
97,3,car,437.93945886055434,311.08115041438776,63.021036242050975,42.078405696352974
97,4,person,408.13501282198666,349.4081886677531,22.083938483135675,83.32066784831254
98,0,person,364.77663577771784,257.82682470718703,24.09019777094887,73.71841929880995
98,1,car,332.48363050394664,296.93324845937116,75.14060567452171,39.945729821595855
98,2,person,522.0303615708544,425.28977747663896,26.481737887972717,85.65198281054998
98,3,car,444.96197571687406,306.1990786732289,63.021036242050975,42.078405696352974
98,4,person,403.837657757271,358.6353674048137,22.083938483135675,83.32066784831254
99,0,person,358.833246275625,263.86011860800124,24.09019777094887,73.71841929880995
99,1,car,328.67890197774386,298.71067289490554,75.14060567452171,39.945729821595855
99,2,person,517.9757042577468,427.42534350620724,26.481737887972717,85.65198281054998
99,3,car,451.4956354380478,300.6798705659885,63.021036242050975,42.078405696352974
99,4,person,398.65813699656167,367.3978244054089,22.083938483135675,83.32066784831254
100,0,person,352.3964741439912,269.3639789434946,24.09019777094887,73.71841929880995
100,1,car,325.0049495883262,300.7447010713151,75.14060567452171,39.945729821595855
100,2,person,513.8097231370438,429.3346600057251,26.481737887972717,85.65198281054998
100,3,car,457.48283456400037,294.57218572561646,63.021036242050975,42.078405696352974
100,4,person,392.6461511911799,375.611478566243,22.083938483135675,83.32066784831254
101,0,person,345.5133201470603,274.29821699224425,24.09019777094887,73.71841929880995
101,1,car,321.47905392278005,303.025765852907,75.14060567452171,39.945729821595855
101,2,person,509.54503104409633,431.0119463693894,26.481737887972717,85.65198281054998
101,3,car,462.87078745842183,287.9298720405657,63.021036242050975,42.078405696352974
101,4,person,385.8593890007654,383.19751488099,22.083938483135675,83.32066784831254
102,0,person,338.23404449160165,278.62680336645946,24.09019777094887,73.71841929880995
102,1,car,318.1177991772648,305.5431381570938,75.14060567452171,39.945729821595855
102,2,person,505.19453966948345,432.452124480875,26.481737887972717,85.65198281054998
102,3,car,467.6119916888797,280.81149090942347,63.021036242050975,42.078405696352974
102,4,person,378.3629735355073,390.0831407182062,22.083938483135675,83.32066784831254
103,0,person,330.61179983114255,282.3181310955154,24.09019777094887,73.71841929880995
103,1,car,314.9369951525598,308.2849774190776,75.14060567452171,39.945729821595855
103,2,person,500.77142046785474,433.65083408772995,26.481737887972717,85.65198281054998
103,3,car,471.66464682801,273.2798009392775,63.021036242050975,42.078405696352974
103,4,person,370.2288374603008,396.2022843108932,22.083938483135675,83.32066784831254
104,0,person,322.70224314979987,285.3452464173725,24.09019777094887,73.71841929880995
104,1,car,311.95160289201226,311.2383872844364,75.14060567452171,39.945729821595855
104,2,person,496.2890647803154,434.6044460023832,26.481737887972717,85.65198281054998
104,3,car,474.99302298346004,265.40120463974876,63.021036242050975,42.078405696352974
104,4,person,361.53503275708596,401.4962287552806,22.083938483135675,83.32066784831254
105,0,person,314.5631293597018,287.6860455926607,24.09019777094887,73.71841929880995
105,1,car,309.17566431165085,314.38947626766065,75.14060567452171,39.945729821595855
105,2,person,491.76104329108927,435.31007308979514,26.481737887972717,85.65198281054998
105,3,car,477.5677758074726,257.24516299086315,63.021036242050975,42.078405696352974
105,4,person,352.3649817686184,405.9141754352219,22.083938483135675,83.32066784831254
106,0,person,306.2538895795175,289.3234363043104,24.09019777094887,73.71841929880995
106,1,car,306.62223615345266,317.7234230913302,75.14060567452171,39.945729821595855
106,2,person,487.20106494120415,435.76557900848593,26.481737887972717,85.65198281054998
106,3,car,479.36620520885344,248.88358304617773,63.021036242050975,42.078405696352974
106,4,person,342.80667671036196,409.4137314658077,22.083938483135675,83.32066784831254
107,0,person,297.83519717346826,290.2454624642017,24.09019777094887,73.71841929880995
107,1,car,304.3033285724169,321.2245463986061,75.14060567452171,39.945729821595855
107,2,person,482.62293542359606,435.9695846784773,26.481737887972717,85.65198281054998
107,3,car,480.3724554864121,240.39018397030537,63.021036242050975,42.078405696352974
107,4,person,332.95183533167415,411.96131647887444,22.083938483135675,83.32066784831254
108,0,person,289.368524719568,290.44539151550623,24.09019777094887,73.71841929880995
108,1,car,302.22984864630394,324.8763785111412,75.14060567452171,39.945729821595855
108,2,person,478.040515385288,435.9214724565654,26.481737887972717,85.65198281054998
108,3,car,480.57765511941386,231.83984710011524,63.021036242050975,42.078405696352974
108,4,person,322.89502082822816,413.532484847057,22.083938483135675,83.32066784831254
109,0,person,280.91569514207004,289.92176359324606,24.09019777094887,73.71841929880995
109,1,car,300.4115490737439,328.66174288548666,75.14060567452171,39.945729821595855
109,2,person,473.4676784631922,435.62138800628446,26.481737887972717,85.65198281054998
109,3,car,479.9799949825949,223.30795575973974,63.021036242050975,42.078405696352974
109,4,person,312.73273445064734,414.1121602544487,22.083938483135675,83.32066784831254
110,0,person,272.5384302857192,288.678402184104,24.09019777094887,73.71841929880995
110,1,car,298.85698230201496,332.5628349036749,75.14060567452171,39.945729821595855
110,2,person,468.91826928058265,435.07023985689875,26.481737887972717,85.65198281054998
110,3,car,478.5847442961624,214.8697306498528,63.021036242050975,42.078405696352974
110,4,person,302.5624895163239,413.6947803630201,22.083938483135675,83.32066784831254
111,0,person,264.29790022807424,286.7243862076482,24.09019777094887,73.71841929880995
111,1,car,297.5734603002535,336.5613056179768,75.14060567452171,39.945729821595855
111,2,person,464.40606153141056,434.26969665275897,26.481737887972717,85.65198281054998
111,3,car,476.40420417015895,206.5995666707043,63.021036242050975,42.078405696352974
111,4,person,292.4818757098417,412.2843501866343,22.083938483135675,83.32066784831254
112,0,person,256.2542766207895,284.0739837228309,24.09019777094887,73.71841929880995
112,1,car,296.5670201673052,340.63834805593683,75.14060567452171,39.945729821595855
112,2,person,459.94471627936275,433.2221821013501,26.481737887972717,85.65198281054998
112,3,car,473.4575991527629,198.57037702575423,63.021036242050975,42.078405696352974
112,4,person,282.5876226506088,409.89440366050445,22.083938483135675,83.32066784831254
113,0,person,248.46629332131695,280.7465477438327,24.09019777094887,73.71841929880995
113,1,car,295.8423957359804,344.77478567974583,75.14060567452171,39.945729821595855
113,2,person,455.5477405979172,431.93086763532665,26.481737887972717,85.65198281054998
113,3,car,469.7709077386803,190.85295038856202,63.021036242050975,42.078405696352974
113,4,person,272.97467171333915,406.5478737748548,22.083938483135675,83.32066784831254
114,0,person,240.99081752326035,276.76637492599366,24.09019777094887,73.71841929880995
114,1,car,295.4029953072757,348.95116258388055,75.14060567452171,39.945729821595855
114,2,person,451.2284466766172,430.39966281075095,26.481737887972717,85.65198281054998
114,3,car,465.3766333319363,183.51532680041367,63.021036242050975,42.078405696352974
114,4,person,263.73526500782907,402.27687251893417,22.083938483135675,83.32066784831254
115,0,person,233.88243451694981,272.1625281536966,24.09019777094887,73.71841929880995
115,1,car,295.25088561928936,353.1478350067599,75.14060567452171,39.945729821595855
115,2,person,446.9999115173695,428.6332034706048,26.481737887972717,85.65198281054998
115,3,car,460.31351768235425,176.6221978010351,63.021036242050975,42.078405696352974
115,4,person,254.95806025982208,397.1223827469526,22.083938483135675,83.32066784831254
116,0,person,227.19304911228087,266.96862432565,24.09019777094887,73.71841929880995
116,1,car,295.3867821262328,357.3450637259908,75.14060567452171,39.945729821595855
116,2,person,442.8749373427943,426.6368377094102,26.481737887972717,85.65198281054998
116,3,car,454.6261993221846,170.23433608108576,63.021036242050975,42.078405696352974
116,4,person,246.72728008621831,391.1338649226733,22.083938483135675,83.32066784831254
117,0,person,220.97150663419467,261.2225888871448,24.09019777094887,73.71841929880995
117,1,car,295.8100456332624,361.5231069026171,75.14060567452171,39.945729821595855
117,2,person,438.86601283648866,424.41660968145294,26.481737887972717,85.65198281054998
117,3,car,448.36482001424883,164.40805968485543,63.021036242050975,42.078405696352974
117,4,person,239.12190382785053,384.3687825161867,22.083938483135675,83.32066784831254
118,0,person,215.26323625825643,254.96637890166792,24.09019777094887,73.71841929880995
118,1,car,296.51868530295883,365.6623129376759,75.14060567452171,39.945729821595855
118,2,person,434.9852753325565,421.9792413016306,26.481737887972717,85.65198281054998
118,3,car,441.584582681315,159.19473548697488,63.021036242050975,42.078405696352974
118,4,person,232.21490969468195,376.8920506069716,22.083938483135675,83.32066784831254
119,0,person,210.10991929066964,248.24567668398439,24.09019777094887,73.71841929880995
119,1,car,297.5093680193133,369.7432129043073,75.14060567452171,39.945729821595855
119,2,person,431.2444740688742,419.33211189432615,26.481737887972717,85.65198281054998
119,3,car,434.3452647141833,154.6403263206965,63.021036242050975,42.078405696352974
119,4,person,226.07257449550434,368.7754129842338,22.083938483135675,83.32066784831254
120,0,person,205.5491848149117,241.1095562317479,24.09019777094887,73.71841929880995
120,1,car,298.7774340651763,373.7466121206565,75.14060567452171,39.945729821595855
120,2,person,427.65493461534976,416.48323585192367,26.481737887972717,85.65198281054998
120,3,car,426.71069094936,150.78498575044992,63.021036242050975,42.078405696352974
120,4,person,220.75383767165528,360.0967537216212,22.083938483135675,83.32066784831254
121,0,person,201.6143349273579,233.610124891332,24.09019777094887,73.71841929880995
121,1,car,300.31691903943045,377.65368043285446,75.14060567452171,39.945729821595855
121,2,person,424.2275245848695,413.4412383706052,26.481737887972717,85.65198281054998
121,3,car,418.74817096276763,147.66270406132688,63.021036242050975,42.078405696352974
121,4,person,216.3097357372379,350.939349832177,22.083938483135675,83.32066784831254
122,0,person,198.3341015681977,225.80214287440552,24.09019777094887,73.71841929880995
122,1,car,302.1205819107977,381.44604078342604,75.14060567452171,39.945729821595855
122,2,person,420.972620730746,410.21532933689167,26.481737887972717,85.65198281054998
122,3,car,410.52790564054334,145.30100858659821,63.021036242050975,42.078405696352974
122,4,person,212.78291255273334,341.39107217475936,22.083938483135675,83.32066784831254
123,0,person,195.73243672324406,217.74262340351106,24.09019777094887,73.71841929880995
123,1,car,304.17993907632956,385.1058556485399,75.14060567452171,39.945729821595855
123,2,person,417.9000775302809,406.81527544398654,26.481737887972717,85.65198281054998
123,3,car,402.12236825884565,143.72072101530102,63.021036242050975,42.078405696352974
123,4,person,210.20721013122787,331.54354227971714,22.083938483135675,83.32066784831254
124,0,person,193.82833752856425,209.49041640634877,24.09019777094887,73.71841929880995
124,1,car,306.4853042643848,388.61591093754015,75.14060567452171,39.945729821595855
124,2,person,415.01919734956107,403.2513706223451,26.481737887972717,85.65198281054998
124,3,car,393.60566552932437,142.93577381957266,63.021036242050975,42.078405696352974
124,4,person,208.60734390371846,321.49125318459187,22.083938483135675,83.32066784831254
125,0,person,192.63570755500336,201.105778798595,24.09019777094887,73.71841929880995
125,1,car,309.02583409440876,391.959696960134,75.14060567452171,39.945729821595855
125,2,person,412.33870227981333,399.5344048739904,26.481737887972717,85.65198281054998
125,3,car,385.0528842435466,142.953087420185,63.021036242050975,42.078405696352974
125,4,person,207.998665559523,311.33066271596226,22.083938483135675,83.32066784831254
126,0,person,192.16325528548902,192.64993449301443,24.09019777094887,73.71841929880995
126,1,car,311.78957907922245,395.12148608040326,75.14060567452171,39.945729821595855
126,2,person,409.8667077305879,395.67563160493415,26.481737887972717,85.65198281054998
126,3,car,376.5394292766286,143.77250917323795,63.021036242050975,42.078405696352974
126,4,person,208.38701573748614,301.1592679179429,22.083938483135675,83.32066784831254
127,0,person,192.4144305264275,184.18462734763958,24.09019777094887,73.71841929880995
127,1,car,314.7635398299301,398.0864066923905,75.14060567452171,39.945729821595855
127,2,person,407.6106978597178,391.686733554605,26.481737887972717,85.65198281054998
127,3,car,368.14035878651214,145.38681471593156,63.021036242050975,42.078405696352974
127,4,person,209.7686679814979,291.07466950875886,22.083938483135675,83.32066784831254
128,0,person,193.38739921751014,175.7716703173578,24.09019777094887,73.71841929880995
128,1,car,317.9337281990825,400.840513169313,75.14060567452171,39.945729821595855
128,2,person,405.5775029144429,387.5797874254365,26.481737887972717,85.65198281054998
128,3,car,359.929722470043,147.78177165955177,63.021036242050975,42.078405696352974
128,4,person,212.13036449810613,281.17363534250427,22.083938483135675,83.32066784831254
129,0,person,195.0750568238658,167.4724941009551,24.09019777094887,73.71841929880995
129,1,car,321.28523307450763,403.3708514573957,75.14060567452171,39.945729821595855
129,2,person,403.7732785522991,383.36722731970156,26.481737887972717,85.65198281054998
129,3,car,351.979908710062,150.93626506812524,63.021036242050975,42.078405696352974
129,4,person,215.4494433731065,271.5511718627385,22.083938483135675,83.32066784831254
130,0,person,197.46508021277242,159.34769857936357,24.09019777094887,73.71841929880995
130,1,car,324.8022905143435,405.6655200057989,75.14060567452171,39.945729821595855
130,2,person,402.2034872043814,379.06180709428946,26.481737887972717,85.65198281054998
130,3,car,344.36100636933077,154.82248361647237,63.021036242050975,42.078405696352974
130,4,person,219.6940560263899,262.2996124578876,22.083938483135675,83.32066784831254
131,0,person,200.54001763612678,151.45661032046988,24.09019777094887,73.71841929880995
131,1,car,328.4683578933911,407.71372574605516,75.14060567452171,39.945729821595855
131,2,person,400.8728815374046,374.6765617474026,26.481737887972717,85.65198281054998
131,3,car,337.1401868579826,159.40616478641095,63.021036242050975,42.078405696352974
131,4,person,224.8234728184355,253.5077314662351,22.083938483135675,83.32066784831254
132,0,person,204.27741616162928,143.85684938154776,24.09019777094887,73.71841929880995
132,1,car,332.26619171203663,409.5058348577134,75.14060567452171,39.945729821595855
132,2,person,399.7854900646307,370.22476795407374,26.481737887972717,85.65198281054998
132,3,car,330.3811119224478,164.6468969393589,63.021036242050975,42.078405696352974
132,4,person,230.78847387596915,245.25989233216353,22.083938483135675,83.32066784831254
133,0,person,208.64998562219162,136.6039085724861,24.09019777094887,73.71841929880995
133,1,car,336.17792870176515,411.03341808141204,75.14060567452171,39.945729821595855
133,2,person,398.9446049492285,365.7199038699888,26.481737887972717,85.65198281054998
133,3,car,324.14337237703427,170.4984756021388,63.021036242050975,42.078405696352974
133,4,person,237.5318213865777,237.6352380876047,22.083938483135675,83.32066784831254
134,0,person,213.62579788642242,129.7507482519971,24.09019777094887,73.71841929880995
134,1,car,340.1851698457835,412.28929036624925,75.14060567452171,39.945729821595855
134,2,person,398.3527720369909,361.1756083253112,26.481737887972717,85.65198281054998
134,3,car,318.48196272653695,176.90931082481995,63.021036242050975,42.078405696352974
134,4,person,244.988808830325,230.70693192652217,22.083938483135675,83.32066784831254
135,0,person,219.1685199951349,123.34740961556851,24.09019777094887,73.71841929880995
135,1,car,344.269066919557,413.2675446649671,75.14060567452171,39.945729821595855
135,2,person,398.0117831485865,356.60563953205144,26.481737887972717,85.65198281054998
135,3,car,313.4467963118226,183.82288201916296,63.021036242050975,42.078405696352974
135,4,person,253.0878818781581,224.54145515957515,22.083938483135675,83.32066784831254
136,0,person,225.2376794615344,117.44064929889683,24.09019777094887,73.71841929880995
136,1,car,348.4104111442134,413.9635797179929,75.14060567452171,39.945729821595855
136,2,person,397.9226706546818,352.0238334299981,26.481737887972717,85.65198281054998
136,3,car,309.08226525306895,191.17823626761978,63.021036242050975,42.078405696352974
136,4,person,261.75132499920596,219.19796928551614,22.083938483135675,83.32066784831254
137,0,person,231.78895979788382,112.07359796490006,24.09019777094887,73.71841929880995
137,1,car,352.5897235358293,414.37412169565374,75.14060567452171,39.945729821595855
137,2,person,398.0857043503575,347.4440617973228,26.481737887972717,85.65198281054998
137,3,car,305.42684907037955,198.91052570959292,63.021036242050975,42.078405696352974
137,4,person,270.89600718855655,214.7277483006348,22.083938483135675,83.32066784831254
138,0,person,238.7745241107392,107.28544536727375,24.09019777094887,73.71841929880995
138,1,car,356.78734652563685,414.49723959677016,75.14060567452171,39.945729821595855
138,2,person,398.5003906382832,342.880190252681,26.481737887972717,85.65198281054998
138,3,car,302.51277543233886,206.95157926713082,63.021036242050975,42.078405696352974
138,4,person,280.4341796598001,211.17368669358416,22.083938483135675,83.32066784831254
139,0,person,246.14336440188922,103.11115419023315,24.09019777094887,73.71841929880995
139,1,car,360.98353642021175,414.3323543311997,75.14060567452171,39.945729821595855
139,2,person,399.1654740231217,338.3460362759622,26.481737887972717,85.65198281054998
139,3,car,300.36573602348955,215.23050366948917,63.021036242050975,42.078405696352974
139,4,person,290.274317847994,208.5698878466783,22.083938483135675,83.32066784831254
140,0,person,253.84167402443208,99.58120475395808,24.09019777094887,73.71841929880995
140,1,car,365.15855626675295,413.8802414436118,75.14060567452171,39.945729821595855
140,2,person,400.07894091263995,333.85532737478223,26.481737887972717,85.65198281054998
140,3,car,299.00466003576156,223.6743084776753,63.021036242050975,42.078405696352974
140,4,person,300.32199964351867,206.94133679320112,22.083938483135675,83.32066784831254
141,0,person,261.8132405743484,96.72137244987977,24.09019777094887,73.71841929880995
141,1,car,369.2927686866558,413.143027465681,75.14060567452171,39.945729821595855
141,2,person,401.2380257140181,329.4216595233755,26.481737887972717,85.65198281054998
141,3,car,298.44154728084766,232.2085495984997,63.021036242050975,42.078405696352974
141,4,person,310.4808114296368,206.30366047081864,22.083938483135675,83.32066784831254
142,0,person,269.99985634870825,94.55253953095848,24.09019777094887,73.71841929880995
142,1,car,373.36672824073565,412.1241799138572,75.14060567452171,39.945729821595855
142,2,person,402.63921920689864,325.05845599971383,26.481737887972717,85.65198281054998
142,3,car,298.68136239487524,240.75798561464723,63.021036242050975,42.078405696352974
142,4,person,320.653273229774,206.66297777160966,22.083938483135675,83.32066784831254
143,0,person,278.3417433733819,93.09054263124338,24.09019777094887,73.71841929880995
143,1,car,377.36127289165535,410.82849097975895,75.14060567452171,39.945729821595855
143,2,person,404.27827916782746,320.77892674547763,26.481737887972717,85.65198281054998
143,3,car,299.72199106811036,249.24724114428926,63.021036242050975,42.078405696352974
143,4,person,330.74177408717117,208.0158408275753,22.083938483135675,83.32066784831254
144,0,person,286.7779898967368,92.34605712811354,24.09019777094887,73.71841929880995
144,1,car,381.25761413336085,409.2620549899015,75.14060567452171,39.945729821595855
144,2,person,406.1502432139184,316.59602837191824,26.481737887972717,85.65198281054998
144,3,car,301.55425868559144,257.60147138178235,63.021036242050975,42.078405696352974
144,4,person,340.64950870137045,210.34926809502915,22.083938483135675,83.32066784831254
145,0,person,295.2469951620844,92.32451919157772,24.09019777094887,73.71841929880995
145,1,car,385.03742536359687,407.43223974077995,75.14060567452171,39.945729821595855
145,2,person,408.24944382685794,312.5224249326992,26.481737887972717,85.65198281054998
145,3,car,304.16201121434847,265.7470219605878,63.021036242050975,42.078405696352974
145,4,person,350.28140633394,213.64086892040282,22.083938483135675,83.32066784831254
146,0,person,303.6869192111788,93.02608608982204,24.09019777094887,73.71841929880995
146,1,car,388.6829280838388,405.3476518441337,75.14060567452171,39.945729821595855
146,2,person,410.56952551176227,308.57044958247815,26.481737887972717,85.65198281054998
146,3,car,307.5222576240727,273.6120783207833,63.021036242050975,42.078405696352974
146,4,person,359.5450430700208,217.8590583921826,22.083938483135675,83.32066784831254
147,0,person,312.0361344343496,94.44563504085096,24.09019777094887,73.71841929880995
147,1,car,392.17697552119654,403.01809624539175,75.14060567452171,39.945729821595855
147,2,person,413.10346403893755,304.75206723731156,26.481737887972717,85.65198281054998
147,3,car,311.60537258559714,281.1272988560765,63.021036242050975,42.078405696352974
147,4,person,368.351528681992,222.96336041734176,22.083938483135675,83.32066784831254
148,0,person,320.2336755700808,96.57280061860689,24.09019777094887,73.71841929880995
148,1,car,395.50313327896976,400.45453010570645,75.14060567452171,39.945729821595855
148,2,person,415.8435877102879,301.0788383499306,26.481737887972717,85.65198281054998
148,3,car,316.37535766011314,288.22642625823033,63.021036242050975,42.078405696352974
148,4,person,376.6163595852582,228.90479611406658,22.083938483135675,83.32066784831254
149,0,person,328.21968486818025,99.39205044043241,24.09019777094887,73.71841929880995
149,1,car,398.6457566365132,397.6690112644925,75.14060567452171,39.945729821595855
149,2,person,418.78160058598394,297.5618839095621,26.481737887972717,85.65198281054998
149,3,car,321.7901586763713,294.8468716690352,63.021036242050975,42.078405696352974
149,4,person,384.26022970152957,235.62635379391085,22.083938483135675,83.32066784831254
150,0,person,335.9358491659957,102.88279858321108,24.09019777094887,73.71841929880995
150,1,car,401.59006413482757,394.6746415248802,75.14060567452171,39.945729821595855
150,2,person,421.90860760107324,294.21185177225874,26.481737887972717,85.65198281054998
150,3,car,327.80203649773665,300.9302664897,63.021036242050975,42.078405696352974
150,4,person,391.2097914488685,243.0635360236147,22.083938483135675,83.32066784831254
151,0,person,343.32582568618307,107.01955590003236,24.09019777094887,73.71841929880995
151,1,car,404.32220710176324,391.4855050288425,75.14060567452171,39.945729821595855
151,2,person,425.2151414959888,291.03888442367827,26.481737887972717,85.65198281054998
151,3,car,334.35798791026195,306.4229769826829,63.021036242050975,42.078405696352974
151,4,person,397.3983595563403,251.14497851719727,22.083938483135675,83.32066784831254
152,0,person,350.33565344688856,111.77211613978076,24.09019777094887,73.71841929880995
152,1,car,406.8293347898233,388.1166020118504,75.14060567452171,39.945729821595855
152,2,person,428.6911914794214,288.0525882719105,26.481737887972717,85.65198281054998
152,3,car,341.40021292105456,311.2765771290159,63.021036242050975,42.078405696352974
152,4,person,402.76655094973853,259.7931349196767,22.083938483135675,83.32066784831254
153,0,person,356.91414728026217,117.10577651061992,24.09019777094887,73.71841929880995
153,1,car,409.0996548201855,384.58377824864453,75.14060567452171,39.945729821595855
153,2,person,432.326233536777,285.26200456332214,26.481737887972717,85.65198281054998
153,3,car,348.8666243470407,315.4482755722187,63.021036242050975,42.078405696352974
153,4,person,407.2628545682922,268.9250209115012,22.083938483135675,83.32066784831254
154,0,person,363.0132715822124,122.9815910768353,24.09019777094887,73.71841929880995
154,1,car,411.12248864864455,380.9036505219783,75.14060567452171,39.945729821595855
154,2,person,436.10926229245916,282.6755820094719,26.481737887972717,85.65198281054998
154,3,car,356.6913952013805,318.90129288468484,63.021036242050975,42.078405696352974
154,4,person,410.8441256446176,278.45301049355754,22.083938483135675,83.32066784831254
155,0,person,368.5884910643146,129.35665513875517,24.09019777094887,73.71841929880995
155,1,car,412.88832179258634,377.0935284648924,75.14060567452171,39.945729821595855
155,2,person,440.0288243295081,280.3011512079727,26.481737887972717,85.65198281054998
155,3,car,364.80553905154727,321.6051858304048,63.021036242050975,42.078405696352974
155,4,person,413.4759997049971,288.285676811917,22.083938483135675,83.32066784831254
156,0,person,373.599095946709,136.18441851922762,24.09019777094887,73.71841929880995
156,1,car,414.3888485827508,373.1713331441397,75.14060567452171,39.945729821595855
156,2,person,444.07305286572114,278.14590093474123,26.481737887972717,85.65198281054998
156,3,car,373.13751823239437,323.5361157651896,63.021036242050975,42.078405696352974
156,4,person,415.1332223174012,298.3286694540948,22.083938483135675,83.32066784831254
157,0,person,378.00849921746163,143.41502546906733,24.09019777094887,73.71841929880995
157,1,car,415.61701122929077,369.15551276770606,75.14060567452171,39.945729821595855
157,2,person,448.2297036812687,276.21635637941444,26.481737887972717,85.65198281054998
157,3,car,381.6138745519474,324.67705880806676,63.021036242050975,42.078405696352974
157,4,person,415.79989142312104,308.4856197986312,22.083938483135675,83.32066784831254
158,0,person,381.7845037878228,150.99567870950816,24.09019777094887,73.71841929880995
158,1,car,416.5670330183786,365.0649559129008,75.14060567452171,39.945729821595855
158,2,person,452.4861921890325,274.51835938982424,26.481737887972717,85.65198281054998
158,3,car,390.1598769293614,325.01795593089236,63.021036242050975,42.078405696352974
158,4,person,415.46960992669153,318.65906573061585,22.083938483135675,83.32066784831254
159,0,person,384.8995375926386,158.87102495345513,24.09019777094887,73.71841929880995
159,1,car,417.23444548321885,360.9189026831518,75.14060567452171,39.945729821595855
159,2,person,456.82963153543255,273.0570507853442,26.481737887972717,85.65198281054998
159,3,car,398.70018025519414,324.5558016429242,63.021036242050975,42.078405696352974
159,4,person,414.14554707991215,328.7513868499461,22.083938483135675,83.32066784831254
160,0,person,387.33085491923225,166.98355909049272,24.09019777094887,73.71841929880995
160,1,car,417.6161094216666,356.7368542113831,75.14060567452171,39.945729821595855
160,2,person,461.24687161638917,271.8368547926548,26.481737887972717,85.65198281054998
160,3,car,407.1594896652111,323.2946704884778,63.021036242050975,42.078405696352974
160,4,person,411.84040807094914,338.66574119842767,22.083938483135675,83.32066784831254
161,0,person,389.0607024946695,175.2740440843244,24.09019777094887,73.71841929880995
161,1,car,417.71022966159455,352.53848093562834,75.14060567452171,39.945729821595855
161,2,person,465.72453889029657,270.86146565104946,26.481737887972717,85.65198281054998
161,3,car,415.4632243712079,321.24568112404944,63.021036242050975,42.078405696352974
161,4,person,408.57631211032856,348.30699451725343,22.083938483135675,83.32066784831254
162,0,person,390.0764491186518,183.6819435165883,24.09019777094887,73.71841929880995
162,1,car,417.51636350455976,348.34353007831277,75.14060567452171,39.945729821595855
162,2,person,470.2490768674724,270.13383642783435,26.481737887972717,85.65198281054998
162,3,car,423.5381751962417,318.4268982916193,63.021036242050975,42.078405696352974
162,4,person,404.3845801836617,357.58263311806473,22.083938483135675,83.32066784831254
163,0,person,390.37067789546984,192.1458636186498,24.09019777094887,73.71841929880995
163,1,car,417.0354228080537,344.17173276437484,75.14060567452171,39.945729821595855
163,2,person,474.8067871534953,269.6561700776852,26.481737887972717,85.65198281054998
163,3,car,431.3131500171671,314.8631735523764,63.021036242050975,42.078405696352974
163,4,person,399.3054345077411,366.40365160805084,22.083938483135675,83.32066784831254
164,0,person,389.9412403915469,200.60400156369533,24.09019777094887,73.71841929880995
164,1,car,416.269669696543,340.04271121510345,75.14060567452171,39.945729821595855
164,2,person,479.3838709221708,269.4299127730286,26.481737887972717,85.65198281054998
164,3,car,438.71960142398797,310.5859261850245,63.021036242050975,42.078405696352974
164,4,person,393.38761257391246,374.6854069508141,22.083938483135675,83.32066784831254
165,0,person,388.7912723231189,208.9945967457304,24.09019777094887,73.71841929880995
165,1,car,415.2227059214734,335.97588645420853,75.14060567452171,39.945729821595855
165,2,person,483.966470692563,269.4557495256417,26.481737887972717,85.65198281054998
165,3,car,445.69223106231806,305.63286618036096,63.021036242050975,42.078405696352974
165,4,person,386.6878994822073,382.34843066777694,22.083938483135675,83.32066784831254
166,0,person,386.92917065949996,217.2563817502886,24.09019777094887,73.71841929880995
166,1,car,413.89945592028283,331.9903869602323,75.14060567452171,39.945729821595855
166,2,person,488.54071228360675,269.7336021127247,26.481737887972717,85.65198281054998
166,3,car,452.16956533081714,300.0476617743216,63.021036242050975,42.078405696352974
166,4,person,379.27058305377886,389.3191913865554,22.083938483135675,83.32066784831254
167,0,person,384.3685323091249,225.3290297238957,24.09019777094887,73.71841929880995
167,1,car,412.306143654106,328.1049586949588,75.14060567452171,39.945729821595855
167,2,person,493.0927468192823,270.26262931372696,26.481737887972717,85.65198281054998
167,3,car,458.09449735801496,293.87955445066046,63.021036242050975,42.078405696352974
167,4,person,371.20683695016464,395.53080041919316,22.083938483135675,83.32066784831254
168,0,person,381.1280548360767,233.15359487563813,24.09019777094887,73.71841929880995
168,1,car,410.4502633331158,324.3378769310071,75.14060567452171,39.945729821595855
168,2,person,497.60879265717574,271.04122945720803,26.481737887972717,85.65198281054998
168,3,car,463.4147904802279,287.1829248075601,63.021036242050975,42.078405696352974
168,4,person,362.5740377187238,400.92365359979556,22.083938483135675,83.32066784831254
169,0,person,377.23139993205956,240.67294289432925,24.09019777094887,73.71841929880995
169,1,car,408.34054416719573,320.70686029333035,75.14060567452171,39.945729821595855
169,2,person,502.075177113485,272.06704527002415,26.481737887972717,85.65198281054998
169,3,car,468.0835387817008,280.01681311567233,63.021036242050975,42.078405696352974
169,4,person,353.45502231761327,405.4460032227469,22.083938483135675,83.32066784831254
170,0,person,372.70702064073214,247.83216813840434,24.09019777094887,73.71841929880995
170,1,car,405.9869093077397,317.2289874189301,75.14060567452171,39.945729821595855
170,2,person,506.4783778581445,273.33697101415765,26.481737887972717,85.65198281054998
170,3,car,472.05958063665855,272.44439879454984,63.021036242050975,42.078405696352974
170,4,person,343.93729324480194,409.05445459341297,22.083938483135675,83.32066784831254
171,0,person,367.58795359599605,254.5789945522593,24.09019777094887,73.71841929880995
171,1,car,403.4004291736992,313.9206166267803,75.14060567452171,39.945729821595855
171,2,person,510.80506385474337,274.8471618895832,26.481737887972717,85.65198281054998
171,3,car,475.30786160730906,264.53244339662047,63.021036242050975,42.078405696352974
171,4,person,334.112178898393,411.7143824266237,22.083938483135675,83.32066784831254
172,0,person,361.91157779129674,260.8641573815752,24.09019777094887,73.71841929880995
172,1,car,400.5932693814095,310.7973089757975,75.14060567452171,39.945729821595855
172,2,person,515.0421357212854,276.59304567470224,26.481737887972717,85.65198281054998
172,3,car,477.7997434983393,256.3507020095883,63.021036242050975,42.078405696352974
172,4,person,324.07395722510824,413.40026309734014,22.083938483135675,83.32066784831254
173,0,person,355.7193416413827,266.6417629003772,24.09019777094887,73.71841929880995
173,1,car,397.5786335231098,307.873755072756,75.14060567452171,39.945729821595855
173,2,person,519.1767653895982,278.5693365691031,26.481737887972717,85.65198281054998
173,3,car,479.5132568431486,247.9713082665855,63.021036242050975,42.078405696352974
173,4,person,313.91895106605944,414.0959195553572,22.083938483135675,83.32066784831254
174,0,person,349.05646032949676,271.8696235231287,24.09019777094887,73.71841929880995
174,1,car,394.3707010633008,305.16370597441113,75.14060567452171,39.945729821595855
174,2,person,523.1964349433179,280.7700511967371,26.481737887972717,85.65198281054998
174,3,car,480.4332945957999,239.4681383860753,63.021036242050975,42.078405696352974
174,4,person,303.74460388051506,413.79467655393745,22.083938483135675,83.32066784831254
175,0,person,341.97158564994197,276.50956585490377,24.09019777094887,73.71841929880995
175,1,car,390.98456064504694,302.67990850883484,75.14060567452171,39.945729821595855
175,2,person,527.0889745168652,283.1885267210605,26.481737887972717,85.65198281054998
175,3,car,480.5517453210158,230.91615984840288,63.021036242050975,42.078405696352974
175,4,person,293.64854471665376,412.4994247028628,22.083938483135675,83.32066784831254
176,0,person,334.5164507568055,280.5277094302795,24.09019777094887,73.71841929880995
176,1,car,387.4361391199189,300.43404532018246,75.14060567452171,39.945729821595855
176,2,person,530.84259914067,285.81744101729555,26.481737887972717,85.65198281054998
176,3,car,479.8675647079641,222.3907704513229,63.021036242050975,42.078405696352974
176,4,person,283.72765140148,410.2225927312758,22.083938483135675,83.32066784831254
177,0,person,326.7454924128547,283.89471410562174,24.09019777094887,73.71841929880995
177,1,car,383.7421266353887,298.43667991889237,75.14060567452171,39.945729821595855
177,2,person,534.4459444210936,288.6488348407388,26.481737887972717,85.65198281054998
177,3,car,478.3867847773361,213.96713357167505,63.021036242050975,42.078405696352974
177,4,person,274.0771209391632,406.98602822646603,22.083938483135675,83.32066784831254
178,0,person,318.71545349691183,286.58599429832515,24.09019777094887,73.71841929880995
178,1,car,379.9198981320302,296.6972069957775,75.14060567452171,39.945729821595855
178,2,person,537.8881009470232,291.67413592400055,26.481737887972717,85.65198281054998
178,3,car,476.12246070054476,205.7195154938066,63.021036242050975,42.078405696352974
178,4,person,264.7895560378942,402.82078799298415,22.083938483135675,83.32066784831254
179,0,person,310.4849686721648,288.58189850865296,24.09019777094887,73.71841929880995
179,1,car,375.98743161976716,295.2238082337087,75.14060567452171,39.945729821595855
179,2,person,541.158647318972,294.8841849302176,26.481737887972717,85.65198281054998
179,3,car,473.09455569990683,197.72063064714044,63.021036242050975,42.078405696352974
179,4,person,255.95407653058948,397.76684004371737,22.083938483135675,83.32066784831254
180,0,person,302.1141362408292,289.8678528133212,24.09019777094887,73.71841929880995
180,1,car,371.96322361755983,294.0234138247304,75.14060567452171,39.945729821595855
180,2,person,544.2476817006859,298.2692631836665,26.481737887972717,85.65198281054998
180,3,car,469.3297650445758,190.04100052553613,63.021036242050975,42.078405696352974
180,4,person,247.65546421590102,391.8726800825015,22.083938483135675,83.32066784831254
181,0,person,293.6640793114422,290.43446728305065,24.09019777094887,73.71841929880995
181,1,car,367.86620215426245,293.1016698736159,75.14060567452171,39.945729821595855
181,2,person,547.1458517977304,301.8191220938178,26.481737887972717,85.65198281054998
181,3,car,464.86128069395323,182.74833194048756,63.021036242050975,42.078405696352974
181,4,person,239.9733493253034,385.1948661583525,22.083938483135675,83.32066784831254
182,0,person,285.1964994831061,290.27760454703446,24.09019777094887,73.71841929880995
182,1,car,363.7156377398565,292.46291184117956,75.14060567452171,39.945729821595855
182,2,person,549.8443831722979,305.52301418374964,26.481737887972717,85.65198281054998
182,3,car,459.7284986635757,175.90692008972547,63.021036242050975,42.078405696352974
182,4,person,232.9814464226002,377.7974759565942,22.083938483135675,83.32066784831254
183,0,person,276.7732263056465,289.39841000366846,24.09019777094887,73.71841929880995
183,1,car,359.5310527258093,292.1101441522579,75.14060567452171,39.945729821595855
183,2,person,552.3351058085071,309.3697256289789,26.481737887972717,85.65198281054998
183,3,car,453.9766716934662,169.57708170402873,63.021036242050975,42.078405696352974
183,4,person,226.74684706785914,369.75149193450204,22.083938483135675,83.32066784831254
184,0,person,268.45576580548135,287.8033034569494,24.09019777094887,73.71841929880995
184,1,car,355.33212948088646,292.04502606427275,75.14060567452171,39.945729821595855
184,2,person,554.6104788477695,313.347610208197,26.481737887972717,85.65198281054998
184,3,car,447.6565102811673,163.81462326985303,63.021036242050975,42.078405696352974
184,4,person,221.3293760330955,361.13412020146205,22.083938483135675,83.32066784831254
185,0,person,260.30485137383204,285.5039322396106,24.09019777094887,73.71841929880995
185,1,car,351.1386178143159,292.2678638628454,75.14060567452171,39.945729821595855
185,2,person,556.6636134193308,317.44462456311976,26.481737887972717,85.65198281054998
185,3,car,440.8237355969138,158.67034901614687,63.021036242050975,42.078405696352974
185,4,person,216.78101724720565,352.0280496794027,22.083938483135675,83.32066784831254
186,0,person,252.38000029665164,282.5170861652862,24.09019777094887,73.71841929880995
186,1,car,346.9702420817428,292.77760942116964,75.14060567452171,39.945729821595855
186,2,person,558.4882934968688,321.648364660702,26.481737887972717,85.65198281054998
186,3,car,433.538588222635,154.1896130031517,63.021036242050975,42.078405696352974
186,4,person,213.1454149785582,342.52065865230674,22.083938483135675,83.32066784831254
187,0,person,244.73907916444978,278.86457493071543,24.09019777094887,73.71841929880995
187,1,car,342.8466084109066,293.57186512991933,75.14060567452171,39.945729821595855
187,2,person,560.0789947180019,325.9461033473218,26.481737887972717,85.65198281054998
187,3,car,425.8652970459406,150.4119192621525,63.021036242050975,42.078405696352974
187,4,person,210.4574550416994,332.7031763184422,22.083938483135675,83.32066784831254
188,0,person,237.43788133535637,274.57306886318736,24.09019777094887,73.71841929880995
188,1,car,338.787112483408,294.64689517450324,75.14060567452171,39.945729821595855
188,2,person,561.4309011097307,330.32482888123985,26.481737887972717,85.65198281054998
188,3,car,417.87151299155136,147.3705735115176,63.021036242050975,42.078405696352974
188,4,person,208.7429300467489,322.6698073907296,22.083938483135675,83.32066784831254
189,0,person,230.52971953675097,269.6739041760714,24.09019777094887,73.71841929880995
189,1,car,334.810848306318,295.9976431066234,75.14060567452171,39.945729821595855
189,2,person,562.5399196691742,334.7712843266698,26.481737887972717,85.65198281054998
189,3,car,409.62771258262154,145.09238951963965,63.021036242050975,42.078405696352974
189,4,person,208.01829190362122,312.516828145236,22.083938483135675,83.32066784831254
190,0,person,224.06503658025025,264.2028541544463,24.09019777094887,73.71841929880995
190,1,car,330.9365184027257,297.61775562748926,75.14060567452171,39.945729821595855
190,2,person,563.4026927554585,339.27200769019345,26.481737887972717,85.65198281054998
190,3,car,401.2065765904179,143.59745270360827,63.021036242050975,42.078405696352974
190,4,person,208.29049395594592,302.3416625917617,22.083938483135675,83.32066784831254
191,0,person,218.09103703257418,258.1998679416052,24.09019777094887,73.71841929880995
191,1,car,327.1823458436467,299.49961247082086,75.14060567452171,39.945729821595855
191,2,person,564.0166082552382,343.8133726780042,26.481737887972717,85.65198281054998
191,3,car,392.6823492504243,142.89894304782297,63.021036242050975,42.078405696352974
191,4,person,209.55692425950718,292.24194763122335,22.083938483135675,83.32066784831254
192,0,person,212.65134253180315,251.70877883379927,24.09019777094887,73.71841929880995
192,1,car,323.5659885350549,301.6343622450872,75.14060567452171,39.945729821595855
192,2,person,564.3798074910749,348.3816299505832,26.481737887972717,85.65198281054998
192,3,car,384.13018369430216,143.00301890377224,63.021036242050975,42.078405696352974
192,4,person,211.805430645437,282.31459617021727,22.083938483135675,83.32066784831254
193,0,person,207.78567326587614,244.77698421322606,24.09019777094887,73.71841929880995
193,1,car,320.1044561631907,304.01196406639207,75.14060567452171,39.945729821595855
193,2,person,564.4911908487293,352.96294874990514,26.481737887972717,85.65198281054998
193,3,car,375.6254793686388,143.9087626954468,63.021036242050975,42.078405696352974
193,4,person,215.01443732766478,272.6548671827499,22.083938483135675,83.32066784831254
194,0,person,203.52955793914657,237.45509945636377,24.09019777094887,73.71841929880995
194,1,car,316.81403018879854,306.6212347861874,75.14060567452171,39.945729821595855
194,2,person,564.3504211063296,357.5434587731458,26.481737887972717,85.65198281054998
194,3,car,367.2432172820848,145.60818900907117,63.021036242050975,42.078405696352974
194,4,person,219.15315193570507,263.35545164245417,22.083938483135675,83.32066784831254
195,0,person,199.91407434479635,229.7965883447848,24.09019777094887,73.71841929880995
195,1,car,313.7101872666019,309.4499015916747,75.14060567452171,39.945729821595855
195,2,person,563.9579244553375,362.10929216611413,26.481737887972717,85.65198281054998
195,3,car,359.0572989416137,148.08631499583075,63.021036242050975,42.078405696352974
195,4,person,224.18186098617684,254.50558309633425,22.083938483135675,83.32066784831254
196,0,person,196.96562243742534,221.85737267715646,24.09019777094887,73.71841929880995
196,1,car,310.8075264502179,312.48465973148825,75.14060567452171,39.945729821595855
196,2,person,563.3148892102201,366.6466255092706,26.481737887972717,85.65198281054998
196,3,car,351.13989480611434,151.3212924668956,63.021036242050975,42.078405696352974
196,4,person,230.0523109578258,246.19018141461942,22.083938483135675,83.32066784831254
197,0,person,194.70573156282188,213.6954239330101,24.09019777094887,73.71841929880995
197,1,car,308.11970052490426,315.7112350951436,75.14060567452171,39.945729821595855
197,2,person,562.423262210734,371.14172166921765,26.481737887972717,85.65198281054998
197,3,car,343.5608080016272,155.28460051613467,63.021036242050975,42.078405696352974
197,4,person,236.70817131340368,238.4890379329703,22.083938483135675,83.32066784831254
198,0,person,193.15090325250532,205.370339969912,24.09019777094887,73.71841929880995
198,1,car,305.659351791119,319.1144513519067,75.14060567452171,39.945729821595855
198,2,person,561.2857429277151,375.58097138894993,26.481737887972717,85.65198281054998
198,3,car,336.3868589079665,159.94129697228072,63.021036242050975,42.078405696352974
198,4,person,244.08557502542695,231.47604980609282,22.083938483135675,83.32066784831254
199,0,person,192.31249073094256,196.942909844964,24.09019777094887,73.71841929880995
199,1,car,303.4380526009371,322.6783013332939,75.14060567452171,39.945729821595855
199,2,person,559.9057752902186,379.95093449095054,26.481737887972717,85.65198281054998
199,3,car,329.68129604247724,165.25032646363655,63.021036242050975,42.078405696352974
199,4,person,252.1137314191427,225.21851091960235,22.083938483135675,83.32066784831254
