track_id,frame,label,cx,cy,vx,vy,confirmed
1,2,person,54.93,272.4,-0.0,0.0,1
2,2,person,584.19,272.05,-0.0,-0.0,1
3,2,person,54.81,213.83,-0.0,-0.0,1
1,3,person,54.2,274.35,-0.0,0.0,1
2,3,person,584.4,272.45,-0.0,-0.0,1
3,3,person,54.02,212.62,-0.0,-0.0,1
4,3,person,578.07,201.16,0.0,0.0,1
1,4,person,53.66,258.36,-0.0,-0.0,1
2,4,person,583.97,272.19,-0.0,-0.0,1
3,4,person,53.72,203.72,-0.0,-0.0,1
4,4,person,582.42,201.35,0.0,0.0,1
1,5,person,53.58,267.95,-0.0,-0.0,1
3,5,person,53.72,203.72,-0.0,-0.0,1
4,5,person,582.42,201.35,0.0,0.0,1
1,6,person,53.01,255.18,-0.0,-0.0,1
3,6,person,53.72,203.72,-0.0,-0.0,1
4,6,person,582.42,201.35,0.0,0.0,1
1,7,person,52.67,253.18,-0.0,-0.0,1
3,7,person,53.72,203.72,-0.0,-0.0,1
4,7,person,582.42,201.35,0.0,0.0,1
5,7,person,581.47,203.04,-0.0,0.0,1
1,8,person,51.04,253.59,-0.0,-0.0,1
3,8,person,53.72,203.72,-0.0,-0.0,1
4,8,person,580.99,206.03,0.0,0.0,1
5,8,person,581.47,203.04,-0.0,0.0,1
6,8,person,581.85,275.01,-0.0,0.0,1
1,9,person,51.3,252.93,-0.0,-0.0,1
3,9,person,53.72,203.72,-0.0,-0.0,1
4,9,person,582.23,206.24,0.0,0.0,1
5,9,person,581.47,203.04,-0.0,0.0,1
6,9,person,582.4,274.61,-0.0,0.0,1
1,10,person,51.42,252.97,-0.0,-0.0,1
3,10,person,53.72,203.72,-0.0,-0.0,1
4,10,person,581.33,206.87,0.0,0.0,1
5,10,person,581.47,203.04,-0.0,0.0,1
6,10,person,582.18,273.67,-0.0,0.0,1
1,11,person,49.51,255.42,-0.0,-0.0,1
3,11,person,53.72,203.72,-0.0,-0.0,1
4,11,person,581.88,205.93,0.0,0.0,1
5,11,person,581.47,203.04,-0.0,0.0,1
1,12,person,49.83,253.57,-0.0,-0.0,1
3,12,person,53.72,203.72,-0.0,-0.0,1
4,12,person,579.94,203.85,0.0,0.0,1
5,12,person,581.47,203.04,-0.0,0.0,1
1,13,person,49.8,255.39,-0.0,-0.0,1
3,13,person,53.72,203.72,-0.0,-0.0,1
4,13,person,579.94,203.85,0.0,0.0,1
5,13,person,582.5,198.72,-0.0,0.0,1
1,14,person,50.28,252.76,-0.0,-0.0,1
3,14,person,53.72,203.72,-0.0,-0.0,1
4,14,person,580.27,201.26,0.0,0.0,1
5,14,person,582.5,198.72,-0.0,0.0,1
7,14,person,581.64,268.93,-0.0,-0.0,1
1,15,person,48.94,253.17,-0.0,-0.0,1
3,15,person,53.72,203.72,-0.0,-0.0,1
4,15,person,579.5,201.76,0.0,0.0,1
5,15,person,582.5,198.72,-0.0,0.0,1
7,15,person,581.03,269.94,-0.0,-0.0,1
1,16,person,49.05,254.44,-0.0,-0.0,1
3,16,person,53.72,203.72,-0.0,-0.0,1
4,16,person,579.5,201.76,0.0,0.0,1
5,16,person,581.96,197.68,-0.0,0.0,1
7,16,person,582.78,268.77,-0.0,-0.0,1
1,17,person,51.04,253.85,-0.0,-0.0,1
4,17,person,579.5,201.76,0.0,0.0,1
5,17,person,579.86,199.04,-0.0,0.0,1
7,17,person,581.87,264.89,-0.0,-0.0,1
1,18,person,49.68,256.05,-0.0,-0.0,1
4,18,person,579.5,201.76,0.0,0.0,1
5,18,person,581.36,199.27,-0.0,0.0,1
7,18,person,582.82,266.6,-0.0,-0.0,1
1,19,person,49.28,255.03,-0.0,-0.0,1
5,19,person,581.36,199.27,-0.0,0.0,1
7,19,person,581.88,265.5,-0.0,-0.0,1
1,20,person,49.4,254.45,-0.0,-0.0,1
5,20,person,582.38,201.96,-0.0,0.0,1
7,20,person,583.31,265.29,0.0,-0.0,1
1,21,person,50.29,257.04,-0.0,-0.0,1
5,21,person,580.36,203.91,-0.0,0.0,1
7,21,person,582.63,266.06,-0.0,-0.0,1
1,22,person,49.2,256.62,-0.0,-0.0,1
5,22,person,581.37,198.87,-0.0,0.0,1
7,22,person,582.64,265.99,-0.0,-0.0,1
1,23,person,49.23,255.99,-0.0,-0.0,1
5,23,person,580.93,181.32,-0.0,-0.0,1
7,23,person,582.34,264.3,-0.0,-0.0,1
1,24,person,50.35,255.3,-0.0,-0.0,1
5,24,person,581.7,191.79,-0.0,0.0,1
7,24,person,582.57,263.49,-0.0,-0.0,1
1,25,person,48.76,256.53,-0.0,-0.0,1
5,25,person,579.67,197.42,-0.0,0.0,1
7,25,person,582.63,267.93,-0.0,-0.0,1
1,26,person,49.07,255.05,-0.0,-0.0,1
5,26,person,578.58,198.33,-0.0,0.0,1
7,26,person,581.0,264.5,-0.0,-0.0,1
1,27,person,49.34,254.72,-0.0,-0.0,1
5,27,person,580.18,195.58,-0.0,0.0,1
7,27,person,582.01,265.35,-0.0,-0.0,1
1,28,person,49.24,255.59,-0.0,-0.0,1
5,28,person,581.38,203.89,-0.0,0.0,1
7,28,person,582.99,267.1,0.0,-0.0,1
1,29,person,48.66,254.27,-0.0,-0.0,1
5,29,person,579.33,196.48,-0.0,0.0,1
7,29,person,580.89,267.58,-0.0,-0.0,1
5,30,person,581.04,202.1,-0.0,0.0,1
7,30,person,582.13,269.99,-0.0,-0.0,1
5,31,person,578.71,201.78,-0.0,0.0,1
7,31,person,581.33,269.57,-0.0,-0.0,1
5,32,person,580.25,203.7,-0.0,0.0,1
7,32,person,581.71,272.09,-0.0,0.0,1
5,33,person,578.37,207.94,-0.0,0.0,1
7,33,person,580.07,276.39,-0.0,0.0,1
9,33,person,48.56,249.31,0.0,-0.0,1
5,34,person,578.51,211.04,-0.0,0.0,1
7,34,person,578.68,279.23,-0.0,0.0,1
9,34,person,47.51,247.97,-0.0,-0.0,1
5,35,person,579.6,212.77,-0.0,0.0,1
7,35,person,580.22,279.55,-0.0,0.0,1
9,35,person,49.41,245.23,0.0,-0.0,1
5,36,person,579.47,213.18,-0.0,0.0,1
7,36,person,579.53,282.91,-0.0,0.0,1
9,36,person,47.93,245.65,-0.0,-0.0,1
5,37,person,578.67,213.95,-0.0,0.0,1
7,37,person,578.8,281.66,-0.0,0.0,1
9,37,person,47.89,244.01,-0.0,-0.0,1
5,38,person,578.9,212.3,-0.0,0.0,1
7,38,person,579.35,283.02,-0.0,0.0,1
9,38,person,48.29,244.12,0.0,-0.0,1
5,39,person,579.29,216.1,-0.0,0.0,1
7,39,person,579.03,283.13,-0.0,0.0,1
9,39,person,49.03,243.52,0.0,-0.0,1
5,40,person,578.21,215.61,-0.0,0.0,1
7,40,person,578.27,287.17,-0.0,0.0,1
9,40,person,48.57,242.53,0.0,-0.0,1
5,41,person,576.38,217.84,-0.0,0.0,1
7,41,person,576.2,290.93,-0.0,0.0,1
9,41,person,46.02,244.31,-0.0,-0.0,1
5,42,person,577.6,218.01,-0.0,0.0,1
7,42,person,577.55,288.62,-0.0,0.0,1
9,42,person,46.31,243.96,-0.0,-0.0,1
5,43,person,577.96,220.29,-0.0,0.0,1
7,43,person,578.16,285.55,-0.0,0.0,1
9,43,person,47.71,245.58,-0.0,-0.0,1
5,44,person,577.31,219.2,-0.0,0.0,1
7,44,person,577.44,285.19,-0.0,0.0,1
9,44,person,47.06,246.6,-0.0,-0.0,1
5,45,person,578.18,217.82,-0.0,0.0,1
7,45,person,578.11,284.84,-0.0,0.0,1
9,45,person,45.85,247.77,-0.0,-0.0,1
5,46,person,575.99,213.48,-0.0,0.0,1
7,46,person,578.12,277.27,-0.0,0.0,1
9,46,person,48.34,247.59,0.0,-0.0,1
5,47,person,576.16,210.42,-0.0,0.0,1
7,47,person,577.53,274.27,-0.0,0.0,1
9,47,person,49.17,247.94,0.0,-0.0,1
5,48,person,576.16,210.42,-0.0,0.0,1
7,48,person,577.53,274.27,-0.0,0.0,1
9,48,person,48.73,246.78,0.0,-0.0,1
5,49,person,572.84,211.8,-0.0,0.0,1
7,49,person,573.77,277.18,-0.0,0.0,1
9,49,person,50.57,246.03,0.0,-0.0,1
5,50,person,572.55,212.9,-0.0,0.0,1
7,50,person,573.63,275.23,-0.0,0.0,1
9,50,person,50.02,247.28,0.0,-0.0,1
5,51,person,569.99,215.71,-0.0,0.0,1
7,51,person,570.62,273.79,-0.0,0.0,1
9,51,person,50.02,247.28,0.0,-0.0,1
5,52,person,567.07,213.03,-0.0,0.0,1
7,52,person,567.78,271.52,-0.0,0.0,1
9,52,person,50.02,247.28,0.0,-0.0,1
5,53,person,568.28,214.14,-0.0,0.0,1
7,53,person,569.29,273.22,-0.0,0.0,1
9,53,person,50.02,247.28,0.0,-0.0,1
5,54,person,572.96,210.96,-0.0,0.0,1
7,54,person,573.67,273.76,-0.0,0.0,1
9,54,person,44.94,249.2,-0.0,-0.0,1
5,55,person,572.96,210.96,-0.0,0.0,1
7,55,person,573.67,273.76,-0.0,0.0,1
9,55,person,43.55,248.66,-0.0,-0.0,1
5,56,person,572.96,210.96,-0.0,0.0,1
7,56,person,573.67,273.76,-0.0,0.0,1
9,56,person,45.19,246.59,-0.0,-0.0,1
5,57,person,580.25,225.9,-0.0,0.0,1
7,57,person,580.88,296.92,-0.0,0.0,1
9,57,person,44.95,246.77,-0.0,-0.0,1
5,58,person,580.25,225.9,-0.0,0.0,1
7,58,person,580.88,296.92,-0.0,0.0,1
9,58,person,47.49,242.69,0.0,-0.0,1
5,59,person,580.25,225.9,-0.0,0.0,1
7,59,person,580.88,296.92,-0.0,0.0,1
9,59,person,47.7,241.83,0.0,-0.0,1
5,60,person,580.25,225.9,-0.0,0.0,1
7,60,person,580.88,296.92,-0.0,0.0,1
9,60,person,48.19,240.28,0.0,-0.0,1
5,61,person,580.25,225.9,-0.0,0.0,1
7,61,person,580.88,296.92,-0.0,0.0,1
9,61,person,51.14,241.99,0.0,-0.0,1
5,62,person,580.25,225.9,-0.0,0.0,1
7,62,person,580.88,296.92,-0.0,0.0,1
9,62,person,49.5,248.4,0.0,-0.0,1
5,63,person,580.19,224.66,-0.0,0.0,1
7,63,person,579.65,295.3,-0.0,0.0,1
9,63,person,50.71,250.5,0.0,0.0,1
5,64,person,580.19,224.66,-0.0,0.0,1
7,64,person,579.65,295.3,-0.0,0.0,1
9,64,person,55.85,249.3,0.0,-0.0,1
5,65,person,581.85,217.54,-0.0,0.0,1
7,65,person,582.04,290.52,-0.0,0.0,1
9,65,person,59.14,249.4,0.0,-0.0,1
5,66,person,580.07,220.96,-0.0,0.0,1
7,66,person,581.09,290.38,-0.0,0.0,1
9,66,person,56.99,248.15,0.0,-0.0,1
5,67,person,580.32,220.85,-0.0,0.0,1
7,67,person,580.49,290.06,-0.0,0.0,1
9,67,person,54.25,247.25,0.0,-0.0,1
5,68,person,581.69,219.71,-0.0,0.0,1
7,68,person,582.31,288.63,-0.0,0.0,1
9,68,person,53.45,249.07,0.0,-0.0,1
5,69,person,581.37,216.75,-0.0,0.0,1
7,69,person,580.5,288.3,-0.0,0.0,1
9,69,person,53.45,250.29,0.0,-0.0,1
5,70,person,581.14,215.26,-0.0,0.0,1
7,70,person,580.68,286.1,-0.0,0.0,1
9,70,person,53.34,248.84,0.0,-0.0,1
5,71,person,581.83,213.64,-0.0,0.0,1
7,71,person,581.59,283.85,-0.0,0.0,1
9,71,person,52.59,252.01,0.0,0.0,1
5,72,person,582.49,211.11,0.0,0.0,1
7,72,person,582.87,279.58,0.0,0.0,1
9,72,person,53.39,252.02,0.0,0.0,1
5,73,person,582.1,207.85,-0.0,0.0,1
7,73,person,582.38,274.5,-0.0,0.0,1
9,73,person,53.67,253.56,0.0,0.0,1
5,74,person,581.13,205.72,-0.0,0.0,1
7,74,person,582.24,274.32,-0.0,0.0,1
9,74,person,52.02,255.05,0.0,0.0,1
5,75,person,579.91,207.37,-0.0,0.0,1
7,75,person,581.02,272.33,-0.0,0.0,1
9,75,person,53.4,255.74,0.0,0.0,1
5,76,person,580.5,202.32,-0.0,0.0,1
7,76,person,582.39,272.31,-0.0,0.0,1
9,76,person,53.43,256.18,0.0,0.0,1
5,77,person,578.52,205.8,-0.0,0.0,1
7,77,person,581.94,271.28,-0.0,0.0,1
9,77,person,53.22,256.09,0.0,0.0,1
5,78,person,573.62,200.49,-0.0,0.0,1
7,78,person,576.03,272.23,-0.0,0.0,1
9,78,person,53.38,254.55,0.0,0.0,1
5,79,person,576.04,179.53,-0.0,-0.0,1
7,79,person,575.98,271.88,-0.0,0.0,1
9,79,person,52.28,254.14,0.0,0.0,1
5,80,person,576.04,179.53,-0.0,-0.0,1
7,80,person,574.64,279.33,-0.0,0.0,1
9,80,person,52.58,252.98,0.0,0.0,1
5,81,person,576.04,179.53,-0.0,-0.0,1
7,81,person,577.56,274.27,-0.0,0.0,1
9,81,person,51.42,252.29,0.0,0.0,1
5,82,person,576.04,179.53,-0.0,-0.0,1
7,82,person,577.82,277.28,-0.0,0.0,1
9,82,person,52.77,250.32,0.0,0.0,1
15,82,person,576.21,210.59,0.0,0.0,1
5,83,person,576.04,179.53,-0.0,-0.0,1
7,83,person,575.56,274.51,-0.0,0.0,1
9,83,person,51.92,249.95,0.0,-0.0,1
15,83,person,575.0,207.42,-0.0,0.0,1
5,84,person,576.04,179.53,-0.0,-0.0,1
7,84,person,580.06,275.28,-0.0,0.0,1
9,84,person,52.72,249.95,0.0,-0.0,1
15,84,person,575.0,207.42,-0.0,0.0,1
5,85,person,576.04,179.53,-0.0,-0.0,1
7,85,person,580.09,273.68,-0.0,0.0,1
15,85,person,578.4,203.12,0.0,-0.0,1
5,86,person,576.04,179.53,-0.0,-0.0,1
7,86,person,578.19,272.53,-0.0,0.0,1
15,86,person,577.3,204.7,0.0,-0.0,1
5,87,person,576.04,179.53,-0.0,-0.0,1
7,87,person,576.51,271.7,-0.0,0.0,1
15,87,person,575.0,198.63,-0.0,-0.0,1
5,88,person,576.04,179.53,-0.0,-0.0,1
7,88,person,581.07,269.86,-0.0,0.0,1
15,88,person,578.41,201.34,0.0,-0.0,1
16,88,person,53.42,254.7,-0.0,0.0,1
5,89,person,576.04,179.53,-0.0,-0.0,1
7,89,person,581.44,270.5,-0.0,0.0,1
15,89,person,576.78,200.7,0.0,-0.0,1
16,89,person,53.68,256.65,0.0,0.0,1
5,90,person,576.04,179.53,-0.0,-0.0,1
7,90,person,577.98,269.48,-0.0,0.0,1
15,90,person,574.83,200.78,-0.0,-0.0,1
16,90,person,54.09,257.92,0.0,0.0,1
5,91,person,577.75,192.2,-0.0,0.0,1
7,91,person,580.22,269.38,-0.0,0.0,1
15,91,person,574.83,200.78,-0.0,-0.0,1
16,91,person,54.56,260.36,0.0,0.0,1
5,92,person,577.75,192.2,-0.0,0.0,1
7,92,person,578.98,268.57,-0.0,0.0,1
15,92,person,577.58,199.79,0.0,-0.0,1
16,92,person,53.88,261.96,0.0,0.0,1
5,93,person,577.75,192.2,-0.0,0.0,1
7,93,person,579.44,265.91,-0.0,-0.0,1
15,93,person,577.41,201.63,0.0,-0.0,1
16,93,person,54.89,261.76,0.0,0.0,1
5,94,person,577.75,192.2,-0.0,0.0,1
7,94,person,578.26,265.01,-0.0,-0.0,1
15,94,person,577.04,199.64,0.0,-0.0,1
16,94,person,54.14,263.34,0.0,0.0,1
5,95,person,577.75,192.2,-0.0,0.0,1
7,95,person,580.14,265.62,-0.0,-0.0,1
15,95,person,576.55,202.0,0.0,-0.0,1
16,95,person,54.33,262.68,0.0,0.0,1
5,96,person,577.75,192.2,-0.0,0.0,1
7,96,person,582.24,264.46,-0.0,-0.0,1
15,96,person,578.22,199.27,0.0,-0.0,1
16,96,person,53.71,262.72,0.0,0.0,1
5,97,person,577.75,192.2,-0.0,0.0,1
7,97,person,580.47,265.63,-0.0,-0.0,1
15,97,person,576.9,201.41,0.0,-0.0,1
5,98,person,577.75,192.2,-0.0,0.0,1
7,98,person,577.95,266.4,-0.0,-0.0,1
15,98,person,576.93,200.17,0.0,-0.0,1
5,99,person,577.75,192.2,-0.0,0.0,1
7,99,person,579.17,264.58,-0.0,-0.0,1
15,99,person,576.53,198.44,0.0,-0.0,1
17,99,person,53.89,263.44,-0.0,0.0,1
5,100,person,577.75,192.2,-0.0,0.0,1
7,100,person,578.77,264.07,-0.0,-0.0,1
15,100,person,575.1,199.7,-0.0,-0.0,1
17,100,person,53.36,264.19,-0.0,0.0,1
5,101,person,577.75,192.2,-0.0,0.0,1
7,101,person,576.87,263.3,-0.0,-0.0,1
15,101,person,575.51,201.3,-0.0,-0.0,1
17,101,person,54.66,261.91,-0.0,0.0,1
5,102,person,577.75,192.2,-0.0,0.0,1
7,102,person,578.99,267.36,-0.0,-0.0,1
15,102,person,577.53,202.54,0.0,-0.0,1
17,102,person,53.33,263.64,-0.0,0.0,1
18,102,person,53.67,200.72,-0.0,-0.0,1
5,103,person,573.78,197.35,-0.0,0.0,1
7,103,person,575.48,267.9,-0.0,0.0,1
15,103,person,577.53,202.54,0.0,-0.0,1
17,103,person,53.06,261.63,-0.0,0.0,1
18,103,person,53.24,199.92,-0.0,-0.0,1
5,104,person,573.78,197.35,-0.0,0.0,1
7,104,person,576.95,268.27,-0.0,0.0,1
15,104,person,575.38,202.06,-0.0,-0.0,1
17,104,person,52.45,261.2,-0.0,0.0,1
18,104,person,52.26,198.96,-0.0,-0.0,1
5,105,person,573.78,197.35,-0.0,0.0,1
7,105,person,576.24,269.32,-0.0,0.0,1
15,105,person,575.62,202.2,0.0,-0.0,1
17,105,person,52.22,260.21,-0.0,0.0,1
18,105,person,52.26,198.96,-0.0,-0.0,1
5,106,person,573.78,197.35,-0.0,0.0,1
7,106,person,577.16,271.25,-0.0,0.0,1
15,106,person,575.87,206.52,0.0,0.0,1
17,106,person,51.71,261.8,-0.0,0.0,1
18,106,person,52.26,198.96,-0.0,-0.0,1
5,107,person,573.78,197.35,-0.0,0.0,1
7,107,person,575.4,272.58,-0.0,0.0,1
15,107,person,571.63,208.35,-0.0,0.0,1
17,107,person,52.17,259.44,-0.0,0.0,1
18,107,person,52.26,198.96,-0.0,-0.0,1
5,108,person,573.78,197.35,-0.0,0.0,1
7,108,person,574.97,274.29,-0.0,0.0,1
15,108,person,574.15,206.8,-0.0,0.0,1
17,108,person,51.24,258.99,-0.0,0.0,1
18,108,person,52.26,198.96,-0.0,-0.0,1
5,109,person,573.78,197.35,-0.0,0.0,1
7,109,person,575.34,273.93,-0.0,0.0,1
15,109,person,572.71,209.46,-0.0,0.0,1
17,109,person,50.65,256.8,-0.0,0.0,1
18,109,person,52.26,198.96,-0.0,-0.0,1
5,110,person,573.78,197.35,-0.0,0.0,1
7,110,person,575.05,273.84,-0.0,0.0,1
15,110,person,573.67,208.88,-0.0,0.0,1
17,110,person,49.94,257.15,-0.0,0.0,1
18,110,person,52.26,198.96,-0.0,-0.0,1
5,111,person,573.78,197.35,-0.0,0.0,1
7,111,person,573.67,276.02,-0.0,0.0,1
15,111,person,571.22,209.8,-0.0,0.0,1
17,111,person,50.15,255.73,-0.0,0.0,1
18,111,person,52.26,198.96,-0.0,-0.0,1
5,112,person,573.78,197.35,-0.0,0.0,1
7,112,person,574.95,275.65,-0.0,0.0,1
15,112,person,573.32,207.49,-0.0,0.0,1
17,112,person,49.12,255.17,-0.0,0.0,1
18,112,person,52.26,198.96,-0.0,-0.0,1
5,113,person,571.8,203.94,-0.0,0.0,1
7,113,person,574.77,274.15,-0.0,0.0,1
15,113,person,573.32,207.49,-0.0,0.0,1
17,113,person,50.73,252.25,-0.0,0.0,1
18,113,person,52.26,198.96,-0.0,-0.0,1
5,114,person,573.76,201.14,-0.0,0.0,1
7,114,person,574.77,274.41,-0.0,0.0,1
15,114,person,573.32,207.49,-0.0,0.0,1
17,114,person,51.22,253.71,-0.0,0.0,1
18,114,person,52.26,198.96,-0.0,-0.0,1
5,115,person,573.76,201.14,-0.0,0.0,1
15,115,person,571.05,207.42,-0.0,0.0,1
17,115,person,49.73,254.83,-0.0,0.0,1
18,115,person,50.36,193.36,-0.0,-0.0,1
5,116,person,573.76,201.14,-0.0,0.0,1
15,116,person,572.09,203.98,-0.0,-0.0,1
17,116,person,50.51,253.29,-0.0,0.0,1
18,116,person,50.36,193.36,-0.0,-0.0,1
5,117,person,573.43,208.43,-0.0,0.0,1
15,117,person,572.09,203.98,-0.0,-0.0,1
17,117,person,50.84,253.78,-0.0,0.0,1
18,117,person,50.36,193.36,-0.0,-0.0,1
5,118,person,574.43,209.37,-0.0,0.0,1
15,118,person,572.09,203.98,-0.0,-0.0,1
17,118,person,49.94,254.4,-0.0,0.0,1
18,118,person,50.36,193.36,-0.0,-0.0,1
19,118,person,577.3,275.38,0.0,0.0,1
5,119,person,574.43,209.37,-0.0,0.0,1
15,119,person,573.24,199.76,-0.0,-0.0,1
17,119,person,48.67,252.83,-0.0,0.0,1
18,119,person,50.36,193.36,-0.0,-0.0,1
19,119,person,574.58,276.32,-0.0,0.0,1
5,120,person,574.65,207.52,-0.0,0.0,1
15,120,person,573.24,199.76,-0.0,-0.0,1
17,120,person,49.78,252.35,-0.0,0.0,1
18,120,person,50.36,193.36,-0.0,-0.0,1
19,120,person,576.44,275.24,0.0,0.0,1
5,121,person,575.16,209.74,-0.0,0.0,1
15,121,person,573.24,199.76,-0.0,-0.0,1
17,121,person,50.69,252.1,-0.0,0.0,1
18,121,person,50.36,193.36,-0.0,-0.0,1
19,121,person,576.43,276.28,0.0,0.0,1
5,122,person,575.16,209.74,-0.0,0.0,1
15,122,person,573.24,199.76,-0.0,-0.0,1
17,122,person,49.95,252.29,-0.0,0.0,1
18,122,person,50.36,193.36,-0.0,-0.0,1
19,122,person,576.48,277.31,0.0,0.0,1
5,123,person,575.39,213.22,-0.0,0.0,1
15,123,person,573.24,199.76,-0.0,-0.0,1
17,123,person,46.65,255.26,-0.0,0.0,1
18,123,person,50.36,193.36,-0.0,-0.0,1
19,123,person,576.15,279.17,0.0,0.0,1
5,124,person,576.49,209.4,-0.0,0.0,1
15,124,person,573.24,199.76,-0.0,-0.0,1
17,124,person,49.96,251.98,-0.0,0.0,1
18,124,person,50.36,193.36,-0.0,-0.0,1
19,124,person,577.89,274.49,0.0,-0.0,1
5,125,person,576.49,209.4,-0.0,0.0,1
15,125,person,574.04,202.24,-0.0,-0.0,1
17,125,person,51.98,246.91,-0.0,0.0,1
18,125,person,50.36,193.36,-0.0,-0.0,1
19,125,person,575.53,274.88,0.0,0.0,1
5,126,person,574.63,213.21,-0.0,0.0,1
15,126,person,574.04,202.24,-0.0,-0.0,1
17,126,person,51.98,246.91,-0.0,0.0,1
18,126,person,47.13,251.77,-0.0,0.0,1
19,126,person,574.55,284.78,-0.0,0.0,1
5,127,person,577.13,212.94,-0.0,0.0,1
15,127,person,574.04,202.24,-0.0,-0.0,1
17,127,person,51.98,246.91,-0.0,0.0,1
18,127,person,48.58,250.0,-0.0,0.0,1
19,127,person,578.38,278.98,0.0,0.0,1
5,128,person,577.67,213.48,-0.0,0.0,1
15,128,person,574.04,202.24,-0.0,-0.0,1
17,128,person,51.98,246.91,-0.0,0.0,1
18,128,person,49.76,251.46,-0.0,0.0,1
19,128,person,580.17,278.73,0.0,0.0,1
5,129,person,575.61,212.13,-0.0,0.0,1
15,129,person,574.04,202.24,-0.0,-0.0,1
17,129,person,51.98,246.91,-0.0,0.0,1
18,129,person,48.93,249.89,-0.0,0.0,1
19,129,person,577.41,278.87,0.0,0.0,1
5,130,person,574.6,214.06,-0.0,0.0,1
15,130,person,574.04,202.24,-0.0,-0.0,1
17,130,person,51.98,246.91,-0.0,0.0,1
18,130,person,49.05,245.32,-0.0,0.0,1
19,130,person,576.15,282.2,0.0,0.0,1
5,131,person,574.57,218.34,-0.0,0.0,1
15,131,person,574.04,202.24,-0.0,-0.0,1
17,131,person,51.98,246.91,-0.0,0.0,1
18,131,person,48.02,247.01,-0.0,0.0,1
19,131,person,577.75,282.4,0.0,0.0,1
5,132,person,578.3,215.63,-0.0,0.0,1
15,132,person,574.04,202.24,-0.0,-0.0,1
17,132,person,51.37,244.46,-0.0,-0.0,1
18,132,person,48.02,247.01,-0.0,0.0,1
19,132,person,578.79,279.96,0.0,0.0,1
5,133,person,574.58,215.16,-0.0,0.0,1
15,133,person,574.04,202.24,-0.0,-0.0,1
17,133,person,51.37,244.46,-0.0,-0.0,1
18,133,person,49.52,245.56,-0.0,0.0,1
19,133,person,577.78,280.18,0.0,0.0,1
5,134,person,573.11,219.14,-0.0,0.0,1
15,134,person,574.04,202.24,-0.0,-0.0,1
17,134,person,51.37,244.46,-0.0,-0.0,1
18,134,person,47.78,243.91,-0.0,0.0,1
19,134,person,574.72,283.45,0.0,0.0,1
5,135,person,573.11,219.14,-0.0,0.0,1
15,135,person,574.46,235.9,-0.0,0.0,1
17,135,person,49.3,242.05,-0.0,-0.0,1
18,135,person,47.78,243.91,-0.0,0.0,1
19,135,person,575.55,283.12,0.0,0.0,1
5,136,person,573.11,219.14,-0.0,0.0,1
15,136,person,574.46,235.9,-0.0,0.0,1
17,136,person,49.86,243.64,-0.0,-0.0,1
18,136,person,47.78,243.91,-0.0,0.0,1
19,136,person,578.29,281.63,0.0,0.0,1
5,137,person,574.34,207.92,-0.0,0.0,1
15,137,person,574.46,235.9,-0.0,0.0,1
17,137,person,49.86,243.64,-0.0,-0.0,1
18,137,person,49.04,244.98,-0.0,0.0,1
19,137,person,576.16,284.7,0.0,0.0,1
5,138,person,574.34,207.92,-0.0,0.0,1
15,138,person,574.46,235.9,-0.0,0.0,1
18,138,person,49.04,244.98,-0.0,0.0,1
19,138,person,575.82,282.34,0.0,0.0,1
5,139,person,575.16,215.06,-0.0,0.0,1
15,139,person,574.46,235.9,-0.0,0.0,1
18,139,person,53.09,243.65,-0.0,0.0,1
19,139,person,576.21,281.58,0.0,0.0,1
5,140,person,578.6,216.83,-0.0,0.0,1
15,140,person,574.46,235.9,-0.0,0.0,1
18,140,person,51.06,247.96,-0.0,0.0,1
19,140,person,579.02,282.47,0.0,0.0,1
5,141,person,576.76,212.35,-0.0,0.0,1
15,141,person,574.46,235.9,-0.0,0.0,1
18,141,person,51.8,247.45,-0.0,0.0,1
19,141,person,576.79,279.77,0.0,0.0,1
5,142,person,576.76,212.35,-0.0,0.0,1
15,142,person,574.46,235.9,-0.0,0.0,1
18,142,person,52.44,249.1,-0.0,0.0,1
19,142,person,579.93,278.19,0.0,0.0,1
5,143,person,578.94,210.82,-0.0,0.0,1
15,143,person,574.46,235.9,-0.0,0.0,1
18,143,person,50.69,253.27,-0.0,0.0,1
19,143,person,579.97,278.81,0.0,0.0,1
5,144,person,575.73,211.73,-0.0,0.0,1
15,144,person,574.46,235.9,-0.0,0.0,1
18,144,person,52.48,248.61,-0.0,0.0,1
19,144,person,578.35,277.09,0.0,0.0,1
5,145,person,576.45,210.4,-0.0,0.0,1
15,145,person,574.46,235.9,-0.0,0.0,1
18,145,person,50.74,250.58,-0.0,0.0,1
19,145,person,576.53,276.74,0.0,0.0,1
5,146,person,575.57,207.71,-0.0,0.0,1
15,146,person,574.46,235.9,-0.0,0.0,1
18,146,person,50.96,252.99,-0.0,0.0,1
19,146,person,577.91,274.65,0.0,0.0,1
5,147,person,576.0,198.88,-0.0,0.0,1
15,147,person,574.46,235.9,-0.0,0.0,1
18,147,person,52.32,252.1,-0.0,0.0,1
19,147,person,576.32,272.42,0.0,-0.0,1
5,148,person,576.0,198.88,-0.0,0.0,1
15,148,person,575.27,206.09,-0.0,0.0,1
18,148,person,51.61,252.23,-0.0,0.0,1
19,148,person,576.07,271.31,0.0,-0.0,1
5,149,person,576.0,198.88,-0.0,0.0,1
15,149,person,577.1,204.6,0.0,0.0,1
18,149,person,50.55,255.43,-0.0,0.0,1
19,149,person,578.07,271.49,0.0,-0.0,1
5,150,person,576.0,198.88,-0.0,0.0,1
15,150,person,578.49,203.53,0.0,0.0,1
18,150,person,51.57,255.6,-0.0,0.0,1
19,150,person,579.17,268.21,0.0,-0.0,1
5,151,person,576.0,198.88,-0.0,0.0,1
15,151,person,578.05,202.52,0.0,0.0,1
18,151,person,51.96,257.58,-0.0,0.0,1
19,151,person,579.63,268.15,0.0,-0.0,1
5,152,person,576.0,198.88,-0.0,0.0,1
15,152,person,576.96,202.14,0.0,0.0,1
18,152,person,51.23,260.34,-0.0,0.0,1
19,152,person,579.21,264.48,0.0,-0.0,1
5,153,person,577.24,201.07,-0.0,0.0,1
15,153,person,576.96,202.14,0.0,0.0,1
18,153,person,51.45,260.31,-0.0,0.0,1
19,153,person,577.84,262.56,0.0,-0.0,1
5,154,person,577.24,201.07,-0.0,0.0,1
15,154,person,579.51,197.52,0.0,-0.0,1
18,154,person,51.88,261.35,-0.0,0.0,1
19,154,person,579.81,261.69,0.0,-0.0,1
5,155,person,577.24,201.07,-0.0,0.0,1
15,155,person,576.58,195.93,0.0,-0.0,1
18,155,person,51.7,261.76,-0.0,0.0,1
19,155,person,578.36,261.16,0.0,-0.0,1
15,156,person,576.58,195.93,0.0,-0.0,1
18,156,person,51.01,260.97,-0.0,0.0,1
19,156,person,578.05,262.43,0.0,-0.0,1
15,157,person,577.96,200.3,0.0,0.0,1
18,157,person,49.79,262.3,-0.0,0.0,1
19,157,person,579.26,265.42,0.0,-0.0,1
15,158,person,577.47,199.67,0.0,0.0,1
18,158,person,49.95,261.28,-0.0,0.0,1
19,158,person,578.15,264.65,0.0,-0.0,1
15,159,person,576.86,201.75,0.0,0.0,1
18,159,person,49.76,259.91,-0.0,0.0,1
19,159,person,577.98,266.39,0.0,-0.0,1
15,160,person,576.97,200.63,0.0,0.0,1
19,160,person,577.78,267.3,0.0,-0.0,1
15,161,person,576.63,196.98,0.0,-0.0,1
19,161,person,577.4,265.73,0.0,-0.0,1
15,162,person,578.17,196.0,0.0,-0.0,1
19,162,person,579.01,264.05,0.0,-0.0,1
15,163,person,576.08,196.93,0.0,-0.0,1
19,163,person,577.19,265.18,0.0,-0.0,1
21,163,person,49.76,260.67,-0.0,0.0,1
15,164,person,576.41,194.67,0.0,-0.0,1
19,164,person,576.85,265.2,0.0,-0.0,1
21,164,person,49.77,261.19,-0.0,0.0,1
15,165,person,577.81,195.95,0.0,-0.0,1
19,165,person,578.84,266.16,0.0,-0.0,1
21,165,person,50.12,261.68,-0.0,0.0,1
15,166,person,577.69,201.38,0.0,0.0,1
19,166,person,578.27,267.23,0.0,-0.0,1
15,167,person,576.94,201.8,0.0,0.0,1
19,167,person,578.03,269.1,0.0,-0.0,1
15,168,person,576.63,203.12,0.0,0.0,1
19,168,person,577.62,270.37,0.0,-0.0,1
15,169,person,576.76,204.47,0.0,0.0,1
19,169,person,576.97,270.73,0.0,-0.0,1
22,169,person,48.45,258.87,-0.0,-0.0,1
15,170,person,576.53,208.02,0.0,0.0,1
19,170,person,577.0,274.47,0.0,0.0,1
22,170,person,46.74,257.55,-0.0,-0.0,1
15,171,person,575.54,208.46,0.0,0.0,1
19,171,person,575.65,277.16,0.0,0.0,1
22,171,person,46.05,255.76,-0.0,-0.0,1
15,172,person,575.13,208.7,-0.0,0.0,1
19,172,person,575.7,275.75,0.0,0.0,1
22,172,person,46.11,254.96,-0.0,-0.0,1
15,173,person,574.34,211.34,-0.0,0.0,1
19,173,person,575.64,276.39,0.0,0.0,1
22,173,person,46.17,251.21,-0.0,-0.0,1
23,173,person,46.57,189.0,-0.0,-0.0,1
15,174,person,571.42,209.25,-0.0,0.0,1
19,174,person,571.82,274.9,-0.0,0.0,1
22,174,person,44.72,247.97,-0.0,-0.0,1
23,174,person,45.8,185.7,-0.0,-0.0,1
15,175,person,571.97,211.1,-0.0,0.0,1
19,175,person,572.09,274.62,-0.0,0.0,1
22,175,person,44.31,246.26,-0.0,-0.0,1
23,175,person,45.24,184.7,-0.0,-0.0,1
15,176,person,570.5,213.37,-0.0,0.0,1
19,176,person,571.0,275.74,-0.0,0.0,1
22,176,person,44.32,243.61,-0.0,-0.0,1
23,176,person,45.35,182.47,-0.0,-0.0,1
15,177,person,569.59,211.58,-0.0,0.0,1
19,177,person,570.37,275.34,-0.0,0.0,1
22,177,person,45.55,241.59,-0.0,-0.0,1
23,177,person,47.11,179.92,0.0,-0.0,1
15,178,person,569.25,210.65,-0.0,0.0,1
19,178,person,569.08,275.19,-0.0,0.0,1
22,178,person,43.18,241.45,-0.0,-0.0,1
23,178,person,47.11,179.92,0.0,-0.0,1
15,179,person,569.76,216.19,-0.0,0.0,1
19,179,person,569.79,276.08,-0.0,0.0,1
22,179,person,43.7,240.39,-0.0,-0.0,1
23,179,person,47.11,179.92,0.0,-0.0,1
15,180,person,569.4,216.92,-0.0,0.0,1
19,180,person,569.31,276.26,-0.0,0.0,1
22,180,person,43.87,237.4,-0.0,-0.0,1
23,180,person,44.17,175.75,-0.0,-0.0,1
15,181,person,569.4,216.92,-0.0,0.0,1
19,181,person,568.25,279.86,-0.0,0.0,1
22,181,person,42.9,235.6,-0.0,-0.0,1
23,181,person,42.83,173.55,-0.0,-0.0,1
15,182,person,568.32,219.98,-0.0,0.0,1
19,182,person,568.55,286.43,-0.0,0.0,1
22,182,person,43.01,232.79,-0.0,-0.0,1
23,182,person,42.83,173.55,-0.0,-0.0,1
15,183,person,568.44,219.84,-0.0,0.0,1
19,183,person,568.68,285.71,-0.0,0.0,1
22,183,person,44.12,231.13,-0.0,-0.0,1
23,183,person,42.83,173.55,-0.0,-0.0,1
15,184,person,568.33,221.06,-0.0,0.0,1
19,184,person,568.54,285.67,-0.0,0.0,1
22,184,person,43.19,232.64,-0.0,-0.0,1
23,184,person,43.25,169.84,-0.0,-0.0,1
15,185,person,569.42,219.92,-0.0,0.0,1
19,185,person,569.54,284.99,-0.0,0.0,1
22,185,person,43.31,232.11,-0.0,-0.0,1
23,185,person,43.24,169.19,-0.0,-0.0,1
15,186,person,569.08,220.17,-0.0,0.0,1
19,186,person,569.6,286.12,-0.0,0.0,1
22,186,person,43.66,232.22,-0.0,-0.0,1
23,186,person,43.24,169.19,-0.0,-0.0,1
15,187,person,570.62,219.96,-0.0,0.0,1
19,187,person,571.14,282.32,-0.0,0.0,1
22,187,person,43.62,233.12,-0.0,-0.0,1
23,187,person,43.24,169.19,-0.0,-0.0,1
15,188,person,570.7,219.6,-0.0,0.0,1
19,188,person,571.16,280.9,-0.0,0.0,1
22,188,person,43.61,233.89,-0.0,-0.0,1
23,188,person,43.24,169.19,-0.0,-0.0,1
15,189,person,570.7,219.6,-0.0,0.0,1
19,189,person,571.91,283.32,-0.0,0.0,1
23,189,person,43.24,169.19,-0.0,-0.0,1
15,190,person,572.21,220.95,-0.0,0.0,1
19,190,person,572.49,283.12,-0.0,0.0,1
23,190,person,43.24,169.19,-0.0,-0.0,1
15,191,person,572.1,223.25,-0.0,0.0,1
19,191,person,572.19,285.88,-0.0,0.0,1
23,191,person,43.24,169.19,-0.0,-0.0,1
15,192,person,571.73,220.71,-0.0,0.0,1
19,192,person,572.18,283.48,-0.0,0.0,1
23,192,person,43.24,169.19,-0.0,-0.0,1
24,192,person,48.02,234.2,0.0,-0.0,1
15,193,person,570.65,222.22,-0.0,0.0,1
19,193,person,572.01,283.34,-0.0,0.0,1
23,193,person,43.24,169.19,-0.0,-0.0,1
24,193,person,47.52,233.4,0.0,-0.0,1
15,194,person,569.85,221.81,-0.0,0.0,1
19,194,person,569.99,282.89,-0.0,0.0,1
23,194,person,43.24,169.19,-0.0,-0.0,1
24,194,person,47.28,233.29,-0.0,-0.0,1
15,195,person,569.85,221.81,-0.0,0.0,1
19,195,person,572.11,282.87,-0.0,0.0,1
23,195,person,46.62,174.68,0.0,-0.0,1
15,196,person,572.06,221.0,-0.0,0.0,1
19,196,person,572.79,283.13,-0.0,0.0,1
23,196,person,46.64,172.6,0.0,-0.0,1
15,197,person,571.95,223.29,-0.0,0.0,1
19,197,person,574.24,287.35,-0.0,0.0,1
23,197,person,46.64,172.6,0.0,-0.0,1
15,198,person,573.82,222.41,-0.0,0.0,1
19,198,person,574.55,288.4,0.0,0.0,1
23,198,person,46.64,172.6,0.0,-0.0,1
26,198,person,45.94,232.94,0.0,0.0,1
15,199,person,575.49,222.66,0.0,0.0,1
19,199,person,575.98,287.48,0.0,0.0,1
23,199,person,46.64,172.6,0.0,-0.0,1
26,199,person,47.1,234.29,0.0,0.0,1
15,200,person,575.8,219.0,0.0,0.0,1
19,200,person,576.65,284.79,0.0,0.0,1
23,200,person,46.64,172.6,0.0,-0.0,1
26,200,person,47.59,236.77,0.0,0.0,1
15,201,person,579.82,223.31,0.0,0.0,1
19,201,person,580.13,286.83,0.0,0.0,1
23,201,person,49.4,175.56,0.0,-0.0,1
26,201,person,48.75,239.51,0.0,0.0,1
15,202,person,579.63,221.77,0.0,0.0,1
19,202,person,581.34,284.87,0.0,0.0,1
23,202,person,49.4,175.56,0.0,-0.0,1
26,202,person,49.19,239.66,0.0,0.0,1
15,203,person,580.78,218.91,0.0,0.0,1
19,203,person,581.62,285.42,0.0,0.0,1
23,203,person,48.75,182.44,0.0,-0.0,1
26,203,person,48.66,241.56,0.0,0.0,1
15,204,person,580.82,217.63,0.0,0.0,1
19,204,person,582.21,282.94,0.0,0.0,1
23,204,person,49.6,179.91,0.0,-0.0,1
26,204,person,48.84,241.45,0.0,0.0,1
15,205,person,581.53,217.3,0.0,0.0,1
19,205,person,582.24,284.43,0.0,0.0,1
23,205,person,49.03,179.39,0.0,-0.0,1
26,205,person,48.48,241.24,0.0,0.0,1
15,206,person,581.59,216.0,0.0,0.0,1
19,206,person,583.1,283.1,0.0,0.0,1
23,206,person,49.03,179.39,0.0,-0.0,1
26,206,person,47.49,244.57,0.0,0.0,1
15,207,person,581.18,214.59,0.0,0.0,1
19,207,person,582.12,279.92,0.0,0.0,1
23,207,person,49.03,179.39,0.0,-0.0,1
26,207,person,49.36,243.1,0.0,0.0,1
15,208,person,582.14,213.93,0.0,0.0,1
19,208,person,582.96,279.8,0.0,0.0,1
23,208,person,49.03,179.39,0.0,-0.0,1
26,208,person,49.11,245.08,0.0,0.0,1
15,209,person,581.46,213.29,0.0,0.0,1
19,209,person,582.96,279.8,0.0,0.0,1
23,209,person,51.33,184.16,0.0,-0.0,1
26,209,person,48.33,246.57,0.0,0.0,1
15,210,person,582.84,210.44,0.0,0.0,1
19,210,person,582.73,278.0,0.0,0.0,1
23,210,person,51.33,184.16,0.0,-0.0,1
26,210,person,49.91,259.71,0.0,0.0,1
15,211,person,583.45,211.74,0.0,0.0,1
19,211,person,583.0,280.15,0.0,0.0,1
23,211,person,50.1,196.45,0.0,0.0,1
26,211,person,48.87,249.93,0.0,0.0,1
15,212,person,582.98,206.81,0.0,0.0,1
19,212,person,582.73,278.91,0.0,0.0,1
23,212,person,50.1,196.45,0.0,0.0,1
26,212,person,49.0,251.18,0.0,0.0,1
15,213,person,582.7,211.53,0.0,0.0,1
19,213,person,583.9,278.67,0.0,0.0,1
23,213,person,49.14,198.92,0.0,0.0,1
26,213,person,48.73,253.57,0.0,0.0,1
15,214,person,584.17,206.12,0.0,0.0,1
19,214,person,584.17,277.08,0.0,0.0,1
23,214,person,49.14,198.92,0.0,0.0,1
26,214,person,49.71,263.73,0.0,0.0,1
15,215,person,583.95,207.26,0.0,0.0,1
19,215,person,584.05,276.11,0.0,0.0,1
23,215,person,50.88,198.94,0.0,0.0,1
26,215,person,50.09,261.88,0.0,0.0,1
15,216,person,585.34,209.22,0.0,0.0,1
19,216,person,584.92,277.75,0.0,0.0,1
23,216,person,49.27,196.86,0.0,0.0,1
26,216,person,48.31,260.6,0.0,0.0,1
15,217,person,585.34,209.22,0.0,0.0,1
19,217,person,584.14,275.48,0.0,0.0,1
23,217,person,49.27,196.86,0.0,0.0,1
26,217,person,48.66,259.45,0.0,0.0,1
15,218,person,584.0,208.66,0.0,0.0,1
19,218,person,583.72,275.19,0.0,0.0,1
23,218,person,50.38,193.88,0.0,0.0,1
26,218,person,50.1,257.43,0.0,0.0,1
15,219,person,583.53,206.32,0.0,0.0,1
19,219,person,583.58,275.96,0.0,0.0,1
23,219,person,49.87,193.54,0.0,0.0,1
26,219,person,49.1,258.21,0.0,0.0,1
15,220,person,581.98,207.25,0.0,0.0,1
19,220,person,583.63,277.52,0.0,0.0,1
23,220,person,49.87,193.54,0.0,0.0,1
26,220,person,48.14,258.6,0.0,0.0,1
15,221,person,583.33,207.76,0.0,0.0,1
23,221,person,49.87,193.54,0.0,0.0,1
26,221,person,49.57,256.8,0.0,0.0,1
15,222,person,583.33,207.76,0.0,0.0,1
23,222,person,49.87,193.54,0.0,0.0,1
26,222,person,49.38,256.58,0.0,0.0,1
15,223,person,583.33,207.76,0.0,0.0,1
23,223,person,49.87,193.54,0.0,0.0,1
26,223,person,46.49,261.6,0.0,0.0,1
23,224,person,49.87,193.54,0.0,0.0,1
26,224,person,50.18,261.01,0.0,0.0,1
28,224,person,583.3,279.5,-0.0,0.0,1
23,225,person,49.87,193.54,0.0,0.0,1
26,225,person,50.19,259.4,0.0,0.0,1
28,225,person,583.47,273.86,0.0,-0.0,1
29,225,person,583.48,208.23,-0.0,-0.0,1
23,226,person,47.95,196.41,0.0,0.0,1
26,226,person,46.85,260.99,0.0,0.0,1
28,226,person,582.79,278.96,-0.0,0.0,1
29,226,person,582.09,209.34,-0.0,0.0,1
23,227,person,49.02,195.88,0.0,0.0,1
26,227,person,49.24,257.94,0.0,0.0,1
28,227,person,581.36,278.13,-0.0,0.0,1
29,227,person,580.95,209.98,-0.0,0.0,1
23,228,person,49.02,195.88,0.0,0.0,1
26,228,person,48.42,259.97,0.0,0.0,1
28,228,person,583.33,275.71,-0.0,-0.0,1
29,228,person,583.14,209.58,-0.0,0.0,1
23,229,person,49.02,195.88,0.0,0.0,1
26,229,person,48.13,259.75,0.0,0.0,1
28,229,person,583.73,276.74,0.0,-0.0,1
29,229,person,580.75,209.35,-0.0,0.0,1
23,230,person,49.15,193.26,0.0,0.0,1
26,230,person,49.32,258.75,0.0,0.0,1
28,230,person,580.41,278.12,-0.0,0.0,1
29,230,person,578.23,211.42,-0.0,0.0,1
23,231,person,49.15,193.26,0.0,0.0,1
26,231,person,51.27,260.14,0.0,0.0,1
28,231,person,581.26,278.06,-0.0,0.0,1
29,231,person,579.69,211.82,-0.0,0.0,1
23,232,person,49.15,193.26,0.0,0.0,1
26,232,person,53.54,257.76,0.0,0.0,1
28,232,person,580.61,276.98,-0.0,-0.0,1
29,232,person,579.88,210.66,-0.0,0.0,1
23,233,person,58.08,193.08,0.0,0.0,1
26,233,person,52.0,258.99,0.0,0.0,1
28,233,person,581.07,277.16,-0.0,-0.0,1
29,233,person,579.76,209.14,-0.0,0.0,1
23,234,person,53.55,191.77,0.0,0.0,1
26,234,person,51.73,256.11,0.0,0.0,1
28,234,person,578.79,276.68,-0.0,-0.0,1
29,234,person,577.85,210.76,-0.0,0.0,1
23,235,person,53.93,190.07,0.0,0.0,1
26,235,person,53.63,252.75,0.0,0.0,1
28,235,person,577.74,272.95,-0.0,-0.0,1
29,235,person,576.35,207.74,-0.0,-0.0,1
23,236,person,53.4,189.6,0.0,-0.0,1
26,236,person,53.76,253.15,0.0,0.0,1
28,236,person,577.78,273.59,-0.0,-0.0,1
29,236,person,576.24,212.04,-0.0,0.0,1
23,237,person,52.78,184.4,0.0,-0.0,1
26,237,person,52.19,250.62,0.0,0.0,1
28,237,person,574.57,269.32,-0.0,-0.0,1
29,237,person,572.82,210.86,-0.0,0.0,1
23,238,person,52.78,184.4,0.0,-0.0,1
26,238,person,51.36,249.86,0.0,0.0,1
28,238,person,572.16,275.11,-0.0,-0.0,1
29,238,person,572.35,213.52,-0.0,0.0,1
23,239,person,54.75,187.99,0.0,-0.0,1
26,239,person,54.36,249.89,0.0,0.0,1
28,239,person,569.68,273.62,-0.0,-0.0,1
29,239,person,572.35,213.52,-0.0,0.0,1
23,240,person,50.48,185.92,0.0,-0.0,1
26,240,person,51.22,250.11,0.0,0.0,1
28,240,person,572.67,275.29,-0.0,-0.0,1
29,240,person,572.62,217.94,-0.0,0.0,1
23,241,person,50.48,185.92,0.0,-0.0,1
26,241,person,51.22,250.11,0.0,0.0,1
28,241,person,573.31,275.14,-0.0,-0.0,1
29,241,person,572.82,215.4,-0.0,0.0,1
23,242,person,47.23,186.1,0.0,-0.0,1
26,242,person,51.22,250.11,0.0,0.0,1
28,242,person,573.41,274.67,-0.0,-0.0,1
29,242,person,573.01,213.14,-0.0,0.0,1
23,243,person,44.96,186.12,0.0,-0.0,1
26,243,person,51.22,250.11,0.0,0.0,1
28,243,person,573.26,279.0,-0.0,0.0,1
29,243,person,571.91,216.05,-0.0,0.0,1
30,243,person,43.95,247.96,-0.0,0.0,1
23,244,person,44.96,186.12,0.0,-0.0,1
26,244,person,52.83,249.08,0.0,0.0,1
28,244,person,573.82,285.06,-0.0,0.0,1
29,244,person,572.11,218.82,-0.0,0.0,1
30,244,person,43.95,247.96,-0.0,0.0,1
23,245,person,44.96,186.12,0.0,-0.0,1
26,245,person,52.6,247.57,0.0,0.0,1
28,245,person,575.13,285.19,-0.0,0.0,1
29,245,person,573.19,218.54,-0.0,0.0,1
30,245,person,43.95,247.96,-0.0,0.0,1
23,246,person,44.96,186.12,0.0,-0.0,1
26,246,person,52.03,244.63,0.0,0.0,1
28,246,person,576.98,282.0,-0.0,0.0,1
29,246,person,576.82,215.21,-0.0,0.0,1
30,246,person,43.95,247.96,-0.0,0.0,1
23,247,person,44.96,186.12,0.0,-0.0,1
26,247,person,52.76,244.39,0.0,0.0,1
28,247,person,581.58,281.03,-0.0,0.0,1
29,247,person,580.8,210.75,-0.0,0.0,1
30,247,person,43.95,247.96,-0.0,0.0,1
23,248,person,44.96,186.12,0.0,-0.0,1
26,248,person,50.97,245.14,0.0,0.0,1
28,248,person,582.53,283.39,-0.0,0.0,1
29,248,person,581.93,214.57,-0.0,0.0,1
30,248,person,43.95,247.96,-0.0,0.0,1
23,249,person,44.96,186.12,0.0,-0.0,1
26,249,person,51.61,245.66,0.0,0.0,1
28,249,person,581.84,278.52,-0.0,0.0,1
29,249,person,580.8,210.57,-0.0,0.0,1
30,249,person,43.95,247.96,-0.0,0.0,1
23,250,person,44.96,186.12,0.0,-0.0,1
26,250,person,52.32,249.33,0.0,0.0,1
28,250,person,583.11,277.78,-0.0,0.0,1
29,250,person,581.74,209.55,-0.0,0.0,1
30,250,person,43.95,247.96,-0.0,0.0,1
23,251,person,53.53,188.49,0.0,-0.0,1
26,251,person,51.71,251.94,0.0,0.0,1
28,251,person,583.52,278.83,0.0,0.0,1
29,251,person,579.73,210.66,-0.0,0.0,1
30,251,person,43.95,247.96,-0.0,0.0,1
23,252,person,52.88,188.72,0.0,-0.0,1
26,252,person,51.93,252.14,0.0,0.0,1
28,252,person,582.74,277.96,-0.0,0.0,1
29,252,person,581.82,211.97,-0.0,0.0,1
30,252,person,43.95,247.96,-0.0,0.0,1
23,253,person,52.88,188.72,0.0,-0.0,1
26,253,person,51.46,255.95,0.0,0.0,1
28,253,person,583.72,275.24,0.0,-0.0,1
29,253,person,583.21,206.84,-0.0,-0.0,1
30,253,person,43.95,247.96,-0.0,0.0,1
23,254,person,52.98,188.13,0.0,-0.0,1
26,254,person,51.69,256.02,0.0,0.0,1
28,254,person,583.89,274.39,0.0,-0.0,1
29,254,person,583.45,208.44,0.0,0.0,1
30,254,person,43.95,247.96,-0.0,0.0,1
23,255,person,54.0,189.98,0.0,0.0,1
26,255,person,52.67,253.69,0.0,0.0,1
28,255,person,582.68,271.2,-0.0,-0.0,1
29,255,person,582.65,204.03,-0.0,-0.0,1
30,255,person,43.95,247.96,-0.0,0.0,1
23,256,person,53.27,189.08,0.0,-0.0,1
26,256,person,51.95,252.22,0.0,0.0,1
28,256,person,582.86,269.15,-0.0,-0.0,1
29,256,person,582.67,201.2,-0.0,-0.0,1
23,257,person,53.32,190.44,0.0,0.0,1
26,257,person,52.68,253.61,0.0,0.0,1
28,257,person,583.36,265.84,0.0,-0.0,1
29,257,person,582.41,198.27,-0.0,-0.0,1
23,258,person,54.49,190.65,0.0,0.0,1
26,258,person,53.25,254.1,0.0,0.0,1
28,258,person,583.49,264.53,0.0,-0.0,1
29,258,person,582.75,199.07,-0.0,-0.0,1
23,259,person,54.49,190.65,0.0,0.0,1
26,259,person,53.11,254.28,0.0,0.0,1
28,259,person,583.46,267.32,0.0,-0.0,1
29,259,person,582.52,199.96,-0.0,-0.0,1
23,260,person,52.93,185.69,0.0,-0.0,1
26,260,person,51.88,254.34,0.0,0.0,1
28,260,person,583.16,267.81,-0.0,-0.0,1
29,260,person,582.9,200.23,-0.0,-0.0,1
23,261,person,53.78,187.94,0.0,-0.0,1
26,261,person,52.61,251.77,0.0,0.0,1
28,261,person,583.49,264.4,0.0,-0.0,1
29,261,person,583.39,196.8,0.0,-0.0,1
23,262,person,54.65,186.47,0.0,-0.0,1
26,262,person,53.77,252.47,0.0,0.0,1
28,262,person,582.77,261.49,-0.0,-0.0,1
29,262,person,581.4,196.69,-0.0,-0.0,1
23,263,person,53.93,189.12,0.0,-0.0,1
26,263,person,53.38,254.2,0.0,0.0,1
28,263,person,582.53,259.37,-0.0,-0.0,1
29,263,person,581.94,197.98,-0.0,-0.0,1
23,264,person,53.93,189.12,0.0,-0.0,1
26,264,person,53.76,248.51,0.0,0.0,1
28,264,person,581.91,257.4,-0.0,-0.0,1
29,264,person,580.71,200.28,-0.0,-0.0,1
23,265,person,53.93,189.12,0.0,-0.0,1
26,265,person,55.46,247.88,0.0,0.0,1
28,265,person,576.79,255.87,-0.0,-0.0,1
29,265,person,576.82,199.8,-0.0,-0.0,1
23,266,person,53.93,189.12,0.0,-0.0,1
26,266,person,56.07,252.56,0.0,0.0,1
28,266,person,581.54,259.54,-0.0,-0.0,1
29,266,person,580.81,199.38,-0.0,-0.0,1
23,267,person,53.93,189.12,0.0,-0.0,1
26,267,person,57.43,249.84,0.0,0.0,1
28,267,person,576.87,259.67,-0.0,-0.0,1
29,267,person,575.28,196.14,-0.0,-0.0,1
23,268,person,53.93,189.12,0.0,-0.0,1
26,268,person,57.79,253.27,0.0,0.0,1
28,268,person,578.25,261.92,-0.0,-0.0,1
29,268,person,577.25,198.26,-0.0,-0.0,1
26,269,person,54.87,254.49,0.0,0.0,1
28,269,person,582.55,263.5,-0.0,-0.0,1
29,269,person,581.85,197.35,-0.0,-0.0,1
26,270,person,56.48,248.42,0.0,0.0,1
28,270,person,579.94,263.64,-0.0,-0.0,1
29,270,person,578.93,197.97,-0.0,-0.0,1
26,271,person,54.97,248.69,0.0,0.0,1
28,271,person,580.88,269.74,-0.0,-0.0,1
29,271,person,581.09,205.88,-0.0,-0.0,1
26,272,person,51.7,249.56,0.0,0.0,1
28,272,person,582.32,270.11,-0.0,-0.0,1
29,272,person,581.71,207.26,-0.0,0.0,1
26,273,person,50.56,249.72,0.0,0.0,1
28,273,person,581.47,269.08,-0.0,-0.0,1
29,273,person,580.98,203.16,-0.0,-0.0,1
26,274,person,49.15,251.75,0.0,0.0,1
28,274,person,582.61,271.43,-0.0,-0.0,1
29,274,person,581.78,204.58,-0.0,-0.0,1
26,275,person,49.52,250.95,0.0,0.0,1
28,275,person,582.58,267.02,-0.0,-0.0,1
29,275,person,582.0,203.74,-0.0,-0.0,1
26,276,person,49.37,252.58,0.0,0.0,1
28,276,person,582.16,267.84,-0.0,-0.0,1
29,276,person,579.74,202.3,-0.0,-0.0,1
26,277,person,49.24,252.73,0.0,0.0,1
28,277,person,581.66,262.44,-0.0,-0.0,1
29,277,person,581.94,201.69,-0.0,-0.0,1
26,278,person,49.84,252.79,0.0,0.0,1
28,278,person,581.33,260.22,-0.0,-0.0,1
29,278,person,580.69,203.74,-0.0,-0.0,1
26,279,person,49.45,255.64,0.0,0.0,1
28,279,person,582.2,263.06,-0.0,-0.0,1
29,279,person,581.21,202.43,-0.0,-0.0,1
26,280,person,49.79,255.85,0.0,0.0,1
28,280,person,576.91,262.96,-0.0,-0.0,1
29,280,person,576.94,198.97,-0.0,-0.0,1
26,281,person,49.75,256.24,0.0,0.0,1
28,281,person,576.82,264.48,-0.0,-0.0,1
29,281,person,576.35,195.73,-0.0,-0.0,1
26,282,person,50.93,257.05,0.0,0.0,1
28,282,person,578.12,270.87,-0.0,-0.0,1
29,282,person,578.41,201.47,-0.0,-0.0,1
26,283,person,50.07,257.07,0.0,0.0,1
28,283,person,580.85,263.43,-0.0,-0.0,1
29,283,person,579.99,197.09,-0.0,-0.0,1
26,284,person,48.48,260.81,0.0,0.0,1
28,284,person,582.02,261.88,-0.0,-0.0,1
29,284,person,580.68,197.5,-0.0,-0.0,1
26,285,person,49.21,257.91,0.0,0.0,1
28,285,person,578.72,257.47,-0.0,-0.0,1
29,285,person,578.71,200.39,-0.0,-0.0,1
26,286,person,48.75,257.02,0.0,0.0,1
28,286,person,580.9,259.89,-0.0,-0.0,1
29,286,person,580.39,202.35,-0.0,-0.0,1
26,287,person,47.39,257.53,0.0,0.0,1
28,287,person,581.12,264.73,-0.0,-0.0,1
29,287,person,579.59,201.72,-0.0,-0.0,1
26,288,person,48.28,257.08,0.0,0.0,1
28,288,person,581.89,267.49,-0.0,-0.0,1
29,288,person,580.11,199.35,-0.0,-0.0,1
26,289,person,48.62,256.52,0.0,0.0,1
28,289,person,582.33,271.62,-0.0,-0.0,1
29,289,person,581.45,203.57,-0.0,-0.0,1
26,290,person,48.06,257.17,0.0,0.0,1
28,290,person,582.82,268.22,-0.0,-0.0,1
29,290,person,580.72,208.7,-0.0,0.0,1
28,291,person,582.65,272.17,-0.0,-0.0,1
29,291,person,581.86,205.95,-0.0,-0.0,1
28,292,person,582.74,271.22,-0.0,-0.0,1
29,292,person,582.33,204.94,-0.0,-0.0,1
28,293,person,582.68,270.15,-0.0,-0.0,1
29,293,person,582.48,201.86,-0.0,-0.0,1
28,294,person,582.09,271.94,-0.0,-0.0,1
29,294,person,581.73,204.14,-0.0,-0.0,1
38,294,person,49.2,259.49,-0.0,0.0,1
28,295,person,582.61,268.72,-0.0,-0.0,1
29,295,person,581.52,203.53,-0.0,-0.0,1
38,295,person,49.28,259.32,-0.0,0.0,1
28,296,person,582.26,269.52,-0.0,-0.0,1
29,296,person,581.88,202.94,-0.0,-0.0,1
38,296,person,49.78,259.47,0.0,0.0,1
28,297,person,581.41,267.42,-0.0,-0.0,1
29,297,person,580.25,202.41,-0.0,-0.0,1
28,298,person,580.89,267.16,-0.0,-0.0,1
29,298,person,579.95,204.45,-0.0,-0.0,1
28,299,person,579.69,265.2,-0.0,-0.0,1
29,299,person,579.52,197.98,-0.0,-0.0,1
28,300,person,581.94,265.83,-0.0,-0.0,1
29,300,person,580.96,200.16,-0.0,-0.0,1
39,300,person,48.69,261.88,-0.0,0.0,1
28,301,person,581.97,265.19,-0.0,-0.0,1
29,301,person,580.96,200.16,-0.0,-0.0,1
39,301,person,48.53,262.49,-0.0,0.0,1
28,302,person,579.21,264.62,-0.0,-0.0,1
29,302,person,579.16,199.01,-0.0,-0.0,1
39,302,person,48.02,262.37,-0.0,0.0,1
28,303,person,580.18,266.35,-0.0,-0.0,1
29,303,person,579.16,199.01,-0.0,-0.0,1
39,303,person,46.88,263.67,-0.0,0.0,1
28,304,person,578.9,264.89,-0.0,-0.0,1
29,304,person,579.16,199.01,-0.0,-0.0,1
39,304,person,47.72,264.34,-0.0,0.0,1
28,305,person,580.31,265.71,-0.0,-0.0,1
29,305,person,579.16,199.01,-0.0,-0.0,1
39,305,person,46.6,264.17,-0.0,0.0,1
28,306,person,576.78,265.59,-0.0,-0.0,1
29,306,person,574.67,201.01,-0.0,-0.0,1
28,307,person,579.69,267.77,-0.0,-0.0,1
29,307,person,574.67,201.01,-0.0,-0.0,1
28,308,person,577.73,272.07,-0.0,-0.0,1
29,308,person,574.67,201.01,-0.0,-0.0,1
28,309,person,576.37,273.24,-0.0,-0.0,1
29,309,person,576.44,208.47,-0.0,0.0,1
40,309,person,44.44,262.54,-0.0,-0.0,1
28,310,person,576.85,274.76,-0.0,-0.0,1
29,310,person,576.22,208.33,-0.0,0.0,1
40,310,person,44.0,261.33,-0.0,-0.0,1
28,311,person,575.23,277.07,-0.0,0.0,1
29,311,person,576.22,208.33,-0.0,0.0,1
40,311,person,44.45,259.19,-0.0,-0.0,1
28,312,person,575.62,279.97,-0.0,0.0,1
29,312,person,575.77,211.01,-0.0,0.0,1
40,312,person,41.44,259.87,-0.0,-0.0,1
41,312,person,42.43,193.17,-0.0,0.0,1
28,313,person,573.53,278.46,-0.0,0.0,1
29,313,person,574.23,210.46,-0.0,0.0,1
40,313,person,41.67,256.19,-0.0,-0.0,1
