timestamp,elapsed_s,launch_alive,rss_kb,node_count,missing_nodes
2026-08-20T00:43:46-04:00,0,1,10560,0,none
2026-08-20T00:44:49-04:00,62,1,36712,8,none
2026-08-20T00:45:52-04:00,125,1,36720,8,none
2026-08-20T00:46:54-04:00,188,1,36720,8,none
2026-08-20T00:47:57-04:00,250,1,36720,8,none
2026-08-20T00:48:59-04:00,313,1,36720,8,none
2026-08-20T00:50:02-04:00,375,1,36720,8,none
2026-08-20T00:51:04-04:00,438,1,36720,8,none
2026-08-20T00:52:07-04:00,500,1,36720,8,none
2026-08-20T00:53:09-04:00,563,1,36720,8,none
2026-08-20T00:54:12-04:00,625,1,36720,8,none
2026-08-20T00:55:14-04:00,688,1,36720,8,none
2026-08-20T00:56:17-04:00,750,1,36720,8,none
2026-08-20T00:57:19-04:00,813,1,36720,8,none
2026-08-20T00:58:22-04:00,875,1,36720,8,none
2026-08-20T00:59:24-04:00,938,1,36720,8,none
2026-08-20T01:00:27-04:00,1001,1,36720,8,none
2026-08-20T01:01:30-04:00,1063,1,36720,8,none
2026-08-20T01:02:32-04:00,1126,1,36720,8,none
2026-08-20T01:03:35-04:00,1188,1,36720,8,none
2026-08-20T01:04:37-04:00,1251,1,36720,8,none
2026-08-20T01:05:40-04:00,1313,1,36720,8,none
2026-08-20T01:06:42-04:00,1376,1,36720,8,none
2026-08-20T01:07:45-04:00,1438,1,36720,8,none
2026-08-20T01:08:48-04:00,1501,1,36720,8,none
2026-08-20T01:09:50-04:00,1564,1,36720,8,none
2026-08-20T01:10:53-04:00,1626,1,36720,8,none
2026-08-20T01:11:55-04:00,1689,1,36720,8,none
2026-08-20T01:12:58-04:00,1751,1,36720,8,none
2026-08-20T01:14:01-04:00,1814,1,36720,8,none
2026-08-20T01:15:03-04:00,1877,1,36720,8,none
2026-08-20T01:16:06-04:00,1939,1,36720,8,none
2026-08-20T01:17:08-04:00,2002,1,36720,8,none
2026-08-20T01:18:10-04:00,2064,1,36720,8,none
2026-08-20T01:19:13-04:00,2127,1,36720,8,none
2026-08-20T01:20:16-04:00,2189,1,36720,8,none
2026-08-20T01:21:18-04:00,2252,1,36720,8,none
2026-08-20T01:22:20-04:00,2314,1,36720,8,none
2026-08-20T01:23:22-04:00,2376,1,36720,8,none
2026-08-20T01:24:25-04:00,2438,1,36720,8,none
2026-08-20T01:25:28-04:00,2501,1,36720,8,none
2026-08-20T01:26:30-04:00,2564,1,36720,8,none
2026-08-20T01:27:33-04:00,2626,1,36720,8,none
2026-08-20T01:28:35-04:00,2689,1,36720,8,none
2026-08-20T01:29:37-04:00,2751,1,36720,8,none
2026-08-20T01:30:40-04:00,2813,1,36720,8,none
2026-08-20T01:31:43-04:00,2876,1,36720,8,none
2026-08-20T01:32:45-04:00,2939,1,36720,8,none
2026-08-20T01:33:47-04:00,3001,1,36720,8,none
2026-08-20T01:34:50-04:00,3063,1,36720,8,none
2026-08-20T01:35:53-04:00,3126,1,36720,8,none
2026-08-20T01:36:55-04:00,3189,1,36720,8,none
2026-08-20T01:37:58-04:00,3251,1,36720,8,none
2026-08-20T01:39:01-04:00,3314,1,36720,8,none
2026-08-20T01:40:03-04:00,3377,1,36720,8,none
2026-08-20T01:41:05-04:00,3439,1,36720,8,none
2026-08-20T01:42:08-04:00,3501,1,36720,8,none
2026-08-20T01:43:11-04:00,3564,1,36720,8,none
2026-08-20T01:44:13-04:00,3627,1,36720,8,none
2026-08-20T01:45:16-04:00,3689,1,36720,8,none
2026-08-20T01:46:18-04:00,3752,1,36720,8,none
2026-08-20T01:47:21-04:00,3814,1,36720,8,none
2026-08-20T01:48:23-04:00,3877,1,36720,8,none
2026-08-20T01:49:26-04:00,3939,1,36720,8,none
2026-08-20T01:50:28-04:00,4002,1,36720,8,none
2026-08-20T01:51:31-04:00,4064,1,36720,8,none
2026-08-20T01:52:33-04:00,4127,1,36720,8,none
2026-08-20T01:53:35-04:00,4189,1,36720,8,none
2026-08-20T01:54:38-04:00,4251,1,36720,8,none
2026-08-20T01:55:40-04:00,4314,1,36720,8,none
2026-08-20T01:56:43-04:00,4376,1,36720,8,none
2026-08-20T01:57:45-04:00,4439,1,36720,8,none
2026-08-20T01:58:48-04:00,4501,1,36720,8,none
2026-08-20T01:59:50-04:00,4564,1,36720,8,none
2026-08-20T02:00:53-04:00,4626,1,36720,8,none
2026-08-20T02:01:57-04:00,4689,1,36720,8,none
2026-08-20T02:03:00-04:00,4753,1,36720,8,none
2026-08-20T02:04:02-04:00,4816,1,36720,8,none
2026-08-20T02:05:05-04:00,4878,1,36720,8,none
2026-08-20T02:06:07-04:00,4941,1,36720,8,none
2026-08-20T02:07:10-04:00,5003,1,36720,8,none
2026-08-20T02:08:12-04:00,5066,1,36720,8,none
2026-08-20T02:09:15-04:00,5128,1,36720,8,none
2026-08-20T02:10:17-04:00,5191,1,36720,8,none
2026-08-20T02:11:20-04:00,5253,1,36720,8,none
2026-08-20T02:12:23-04:00,5316,1,36720,8,none
2026-08-20T02:13:25-04:00,5379,1,36720,8,none
2026-08-20T02:14:27-04:00,5441,1,36720,8,none
2026-08-20T02:15:31-04:00,5503,1,36720,8,none
2026-08-20T02:16:33-04:00,5567,1,36720,8,none
2026-08-20T02:17:36-04:00,5629,1,36720,8,none
2026-08-20T02:18:39-04:00,5692,1,36720,8,none
2026-08-20T02:19:42-04:00,5755,1,36720,8,none
2026-08-20T02:20:45-04:00,5818,1,36720,8,none
2026-08-20T02:21:47-04:00,5881,1,36720,8,none
2026-08-20T02:22:50-04:00,5943,1,36720,8,none
2026-08-20T02:23:52-04:00,6006,1,36720,8,none
2026-08-20T02:24:55-04:00,6068,1,36720,8,none
2026-08-20T02:25:57-04:00,6131,1,36720,8,none
2026-08-20T02:27:00-04:00,6193,1,36720,8,none
2026-08-20T02:28:02-04:00,6256,1,36720,8,none
2026-08-20T02:29:05-04:00,6318,1,36720,8,none
2026-08-20T02:30:07-04:00,6381,1,36720,8,none
2026-08-20T02:31:09-04:00,6443,1,36720,8,none
2026-08-20T02:32:12-04:00,6506,1,36720,8,none
2026-08-20T02:33:15-04:00,6568,1,36720,8,none
2026-08-20T02:34:17-04:00,6631,1,36720,8,none
2026-08-20T02:35:19-04:00,6693,1,36720,8,none
2026-08-20T02:36:22-04:00,6755,1,36720,8,none
2026-08-20T02:37:25-04:00,6818,1,36720,8,none
2026-08-20T02:38:27-04:00,6881,1,36720,8,none
2026-08-20T02:39:30-04:00,6943,1,36720,8,none
2026-08-20T02:40:32-04:00,7006,1,36720,8,none
2026-08-20T02:41:35-04:00,7068,1,36720,8,none
2026-08-20T02:42:37-04:00,7131,1,36720,8,none
2026-08-20T02:43:40-04:00,7193,1,36720,8,none
